{"type":"FeatureCollection","crs":{"type":"name","properties":{"name":"EPSG:4326"}},"features":[{"type":"Feature","properties":{"feltnummer":1,"jaktlag":"Knackstedt og Bolstad","areal_da":24615,"kontakt_navn":"Magne Knackstedt","kontakt_epost":"magneknackstedt@hotmail.com","kontakt_tlf":""},"geometry":{"type":"Polygon","coordinates":[[[11.293014,61.104389],[11.291336,61.104064],[11.289784,61.103743],[11.28857,61.103507],[11.287833,61.10337],[11.286586,61.103121],[11.285041,61.102804],[11.283765,61.102542],[11.283257,61.102029],[11.282557,61.101274],[11.284181,61.100935],[11.284223,61.100039],[11.282726,61.100148],[11.282386,61.100124],[11.282165,61.100317],[11.27652,61.087771],[11.276444,61.087561],[11.279041,61.087207],[11.283943,61.087925],[11.286095,61.087466],[11.288696,61.086952],[11.291397,61.086068],[11.292162,61.085923],[11.292936,61.085817],[11.293504,61.085633],[11.295028,61.085331],[11.296295,61.085014],[11.29775,61.084295],[11.299757,61.083824],[11.30145,61.083499],[11.302784,61.083668],[11.303883,61.083754],[11.305775,61.083687],[11.306804,61.083791],[11.306804,61.083791],[11.307694,61.084311],[11.308478,61.084525],[11.309782,61.084624],[11.311452,61.084794],[11.313862,61.084721],[11.315907,61.084323],[11.317461,61.084179],[11.318986,61.08394],[11.320355,61.083761],[11.321607,61.083672],[11.324136,61.083109],[11.324294,61.082819],[11.324478,61.082804],[11.325352,61.083016],[11.326585,61.083348],[11.327155,61.083625],[11.32773,61.083812],[11.32773,61.083812],[11.328587,61.083795],[11.329499,61.083363],[11.330615,61.082678],[11.33078,61.082484],[11.3308,61.082089],[11.331071,61.081911],[11.331292,61.081898],[11.331295,61.082014],[11.332334,61.082298],[11.332848,61.082251],[11.332894,61.082115],[11.333759,61.081796],[11.335021,61.08201],[11.336123,61.081964],[11.337608,61.081027],[11.337954,61.081021],[11.338382,61.080891],[11.33853,61.080721],[11.338272,61.080489],[11.338423,61.080277],[11.338186,61.079948],[11.339064,61.079392],[11.339385,61.078965],[11.339866,61.078832],[11.340932,61.078442],[11.342046,61.07874],[11.343162,61.07881],[11.343454,61.078596],[11.343782,61.078358],[11.34402,61.078153],[11.343928,61.077828],[11.344232,61.077499],[11.344818,61.077139],[11.345872,61.077127],[11.347299,61.076863],[11.34798,61.07698],[11.34798,61.07698],[11.34936,61.076998],[11.352967,61.076918],[11.355942,61.076939],[11.358244,61.076807],[11.360826,61.076378],[11.363289,61.076375],[11.366052,61.077081],[11.365619,61.078256],[11.366068,61.07888],[11.366382,61.079316],[11.365744,61.080369],[11.357689,61.083801],[11.356645,61.084672],[11.356333,61.085735],[11.356532,61.086647],[11.356946,61.087289],[11.358096,61.088401],[11.358957,61.089128],[11.360468,61.090266],[11.363749,61.092612],[11.366177,61.09442],[11.368962,61.096493],[11.370008,61.097405],[11.371483,61.098808],[11.372608,61.100335],[11.373065,61.102079],[11.373112,61.103136],[11.372973,61.104765],[11.372051,61.107701],[11.369699,61.114624],[11.369524,61.116388],[11.368879,61.117057],[11.367575,61.117811],[11.366448,61.118913],[11.364565,61.121623],[11.364315,61.122241],[11.364058,61.122432],[11.36318,61.123523],[11.3618,61.123868],[11.361674,61.125421],[11.355366,61.125385],[11.354859,61.125278],[11.353175,61.125394],[11.349078,61.124178],[11.346114,61.125399],[11.348618,61.128581],[11.348213,61.129231],[11.350795,61.130605],[11.350376,61.131885],[11.35523,61.132488],[11.357466,61.133268],[11.361425,61.136869],[11.359881,61.137262],[11.361177,61.138409],[11.352798,61.140457],[11.350914,61.139524],[11.348797,61.139532],[11.345489,61.140203],[11.345067,61.139421],[11.343425,61.138075],[11.343005,61.136078],[11.340173,61.135016],[11.339102,61.135254],[11.340137,61.136567],[11.340754,61.136958],[11.339987,61.13722],[11.342413,61.138121],[11.344546,61.140161],[11.343992,61.142072],[11.339448,61.142947],[11.335312,61.143758],[11.334826,61.143013],[11.333516,61.143299],[11.333606,61.143707],[11.329307,61.143664],[11.32981,61.141462],[11.33409,61.141556],[11.335406,61.141354],[11.33606,61.140776],[11.33552,61.140119],[11.336488,61.139986],[11.338141,61.13875],[11.338147,61.138427],[11.338282,61.138224],[11.33844,61.137909],[11.339174,61.137066],[11.337397,61.13676],[11.336908,61.136721],[11.334345,61.138051],[11.333947,61.137566],[11.332606,61.136609],[11.331219,61.137248],[11.330794,61.137148],[11.328252,61.139097],[11.326156,61.138578],[11.325569,61.137169],[11.323477,61.138346],[11.319791,61.136867],[11.31762,61.137352],[11.318447,61.138227],[11.323587,61.138607],[11.324416,61.139178],[11.32327,61.139636],[11.324954,61.140324],[11.326648,61.140734],[11.328291,61.141371],[11.326023,61.142514],[11.319932,61.141909],[11.319099,61.141603],[11.31841,61.141237],[11.317753,61.140508],[11.317355,61.140102],[11.31677,61.139765],[11.315642,61.138637],[11.313846,61.137628],[11.312587,61.136725],[11.311436,61.135891],[11.309397,61.134986],[11.307273,61.134125],[11.307286,61.133168],[11.307645,61.132708],[11.308578,61.132232],[11.308733,61.131659],[11.308844,61.131525],[11.309305,61.131408],[11.309803,61.131611],[11.31068,61.130982],[11.310611,61.130654],[11.308909,61.130749],[11.30889,61.130289],[11.308033,61.129323],[11.306645,61.128217],[11.30547,61.126833],[11.304336,61.126209],[11.301654,61.124873],[11.300586,61.124229],[11.299889,61.123894],[11.298855,61.123399],[11.2974,61.122517],[11.296732,61.121856],[11.296865,61.120976],[11.296643,61.12],[11.29614,61.119048],[11.295424,61.117926],[11.29527,61.11753],[11.296218,61.117477],[11.296766,61.117117],[11.297277,61.117284],[11.297757,61.117224],[11.297861,61.116579],[11.297165,61.116576],[11.296963,61.116488],[11.296433,61.115646],[11.296753,61.115472],[11.296211,61.115094],[11.295466,61.115231],[11.295286,61.115051],[11.294369,61.11511],[11.29389,61.115184],[11.293665,61.114978],[11.293381,61.114709],[11.29271,61.114106],[11.29135,61.112864],[11.288823,61.110728],[11.286798,61.108931],[11.286896,61.108924],[11.286944,61.108886],[11.287107,61.108741],[11.287248,61.108612],[11.28736,61.108484],[11.28742,61.108394],[11.287489,61.108226],[11.287532,61.108108],[11.287555,61.107972],[11.287611,61.107834],[11.287684,61.107722],[11.287784,61.107585],[11.287955,61.107403],[11.288154,61.1072],[11.288348,61.107035],[11.288674,61.10681],[11.289124,61.106481],[11.28949,61.106195],[11.289762,61.106],[11.289986,61.105834],[11.290149,61.105707],[11.290431,61.105487],[11.290673,61.105321],[11.290842,61.105218],[11.290935,61.105176],[11.291095,61.105111],[11.291281,61.10504],[11.291441,61.105003],[11.291846,61.104911],[11.292351,61.104782],[11.292692,61.10466],[11.292847,61.104572],[11.292947,61.104485],[11.293014,61.104389]]]}},{"type":"Feature","properties":{"feltnummer":2,"jaktlag":"Dufseth","areal_da":15741,"kontakt_navn":"Ole Erik Dufseth","kontakt_epost":"oedufseth@gmail.com","kontakt_tlf":"95876207"},"geometry":{"type":"Polygon","coordinates":[[[11.284223,61.100039],[11.284181,61.100935],[11.282557,61.101274],[11.283257,61.102029],[11.283765,61.102542],[11.285041,61.102804],[11.286586,61.103121],[11.287833,61.10337],[11.28857,61.103507],[11.289784,61.103743],[11.291336,61.104064],[11.293014,61.104389],[11.292947,61.104485],[11.292847,61.104572],[11.292692,61.10466],[11.292351,61.104782],[11.291846,61.104911],[11.291441,61.105003],[11.291281,61.10504],[11.291095,61.105111],[11.290935,61.105176],[11.290842,61.105218],[11.290673,61.105321],[11.290431,61.105487],[11.290149,61.105707],[11.289986,61.105834],[11.289762,61.106],[11.28949,61.106195],[11.289124,61.106481],[11.288674,61.10681],[11.288348,61.107035],[11.288154,61.1072],[11.287955,61.107403],[11.287784,61.107585],[11.287684,61.107722],[11.287611,61.107834],[11.287555,61.107972],[11.287532,61.108108],[11.287489,61.108226],[11.28742,61.108394],[11.28736,61.108484],[11.287248,61.108612],[11.287107,61.108741],[11.286944,61.108886],[11.286896,61.108924],[11.286798,61.108931],[11.286564,61.108765],[11.286231,61.108605],[11.28586,61.108478],[11.285522,61.108353],[11.285217,61.108179],[11.284987,61.108026],[11.284812,61.107904],[11.284331,61.107553],[11.283859,61.107221],[11.283194,61.106732],[11.282282,61.106047],[11.281323,61.10536],[11.279971,61.104368],[11.279859,61.104404],[11.281281,61.105467],[11.284442,61.107764],[11.285095,61.108223],[11.285477,61.108436],[11.286195,61.1087],[11.286638,61.108953],[11.287244,61.109473],[11.288664,61.110784],[11.28846,61.110786],[11.287822,61.110875],[11.287627,61.110916],[11.287486,61.110968],[11.287017,61.111246],[11.286885,61.111337],[11.286827,61.111362],[11.286736,61.111373],[11.286589,61.111422],[11.286479,61.111385],[11.28633,61.111402],[11.286157,61.111448],[11.286113,61.11151],[11.286089,61.111578],[11.286089,61.111578],[11.285814,61.111644],[11.285528,61.111704],[11.285407,61.11167],[11.285096,61.111705],[11.284928,61.111748],[11.284902,61.111761],[11.284701,61.111855],[11.284639,61.11186],[11.284432,61.111867],[11.284395,61.111885],[11.284309,61.111874],[11.284197,61.111843],[11.284148,61.111855],[11.284021,61.111916],[11.283828,61.111958],[11.283728,61.111961],[11.283645,61.111952],[11.283579,61.111926],[11.283579,61.111926],[11.283429,61.11192],[11.283239,61.111946],[11.283024,61.11199],[11.282915,61.112059],[11.282894,61.112146],[11.282847,61.112197],[11.282769,61.112251],[11.282684,61.112307],[11.282625,61.112345],[11.282549,61.112368],[11.282505,61.112365],[11.282159,61.112354],[11.281845,61.112431],[11.281754,61.112459],[11.281678,61.112489],[11.281592,61.112522],[11.28157,61.112557],[11.281579,61.112605],[11.281584,61.112647],[11.281614,61.11268],[11.281644,61.112697],[11.281685,61.112723],[11.281686,61.112779],[11.281647,61.112862],[11.281576,61.112895],[11.281111,61.113045],[11.281034,61.113083],[11.28102,61.113117],[11.281003,61.113136],[11.280895,61.11314],[11.280693,61.113145],[11.280615,61.113185],[11.280535,61.113213],[11.280425,61.113297],[11.280094,61.113299],[11.280094,61.113299],[11.279968,61.113291],[11.279825,61.113306],[11.279737,61.113319],[11.27957,61.113335],[11.279472,61.113329],[11.279257,61.11331],[11.279114,61.113326],[11.278994,61.113376],[11.278906,61.113434],[11.278767,61.113537],[11.278633,61.113634],[11.278602,61.11369],[11.278624,61.113709],[11.278642,61.113782],[11.278622,61.113816],[11.278554,61.113828],[11.278403,61.11381],[11.278301,61.113813],[11.278126,61.113824],[11.277971,61.113881],[11.277837,61.113964],[11.277716,61.114034],[11.277625,61.114092],[11.277428,61.114149],[11.277265,61.114187],[11.277265,61.114187],[11.277146,61.114207],[11.277037,61.114292],[11.277039,61.114311],[11.2771,61.114369],[11.2771,61.114369],[11.277172,61.114498],[11.277173,61.114568],[11.277173,61.114568],[11.277104,61.114692],[11.277107,61.11474],[11.277107,61.11474],[11.276978,61.114848],[11.276906,61.114938],[11.276851,61.115],[11.276722,61.115062],[11.276722,61.115062],[11.276433,61.115179],[11.27634,61.115267],[11.276266,61.115347],[11.276115,61.115387],[11.276019,61.115401],[11.275947,61.115446],[11.275916,61.115496],[11.275879,61.115642],[11.27582,61.115709],[11.275751,61.115781],[11.275638,61.115847],[11.275487,61.115898],[11.275368,61.115908],[11.275264,61.115897],[11.275187,61.115836],[11.275125,61.115857],[11.275102,61.115895],[11.275063,61.115937],[11.274942,61.11598],[11.274942,61.11598],[11.274755,61.116082],[11.274648,61.116192],[11.274625,61.116267],[11.274685,61.116324],[11.274691,61.11634],[11.274636,61.116366],[11.274658,61.116391],[11.274675,61.116436],[11.27465,61.116489],[11.27456,61.11652],[11.274399,61.116573],[11.274338,61.116612],[11.274319,61.116625],[11.274122,61.116712],[11.273953,61.116756],[11.273626,61.116835],[11.273424,61.116864],[11.273308,61.116852],[11.273198,61.116825],[11.273112,61.116826],[11.273022,61.116816],[11.272977,61.116767],[11.272894,61.116746],[11.272793,61.116769],[11.272592,61.11684],[11.272217,61.116847],[11.272104,61.116886],[11.272065,61.11692],[11.271985,61.116994],[11.271882,61.117026],[11.271759,61.11702],[11.271663,61.11705],[11.2716,61.11708],[11.271354,61.117151],[11.271268,61.117204],[11.271081,61.117255],[11.270794,61.117496],[11.27056,61.117599],[11.270423,61.117649],[11.270298,61.117731],[11.270093,61.117853],[11.269965,61.117906],[11.269773,61.117972],[11.26946,61.118034],[11.269008,61.118094],[11.268581,61.118152],[11.268201,61.118157],[11.26766,61.118133],[11.267307,61.118111],[11.266833,61.118135],[11.266591,61.118153],[11.266108,61.118165],[11.26592,61.118196],[11.265723,61.118244],[11.265502,61.118344],[11.265435,61.118375],[11.265418,61.118402],[11.2653,61.118429],[11.265067,61.11846],[11.26477,61.118485],[11.264575,61.11853],[11.26443,61.118593],[11.264316,61.118681],[11.26423,61.118807],[11.264087,61.118887],[11.26381,61.118979],[11.263681,61.119031],[11.263513,61.119137],[11.263118,61.119261],[11.262737,61.119329],[11.262459,61.119335],[11.262275,61.119332],[11.262045,61.119305],[11.261855,61.119308],[11.261368,61.11934],[11.261144,61.119356],[11.260856,61.119346],[11.260706,61.11936],[11.260447,61.119392],[11.26,61.119338],[11.259747,61.119323],[11.259629,61.11924],[11.259437,61.119175],[11.25925,61.119223],[11.259212,61.119244],[11.259147,61.119347],[11.259155,61.119405],[11.259232,61.119529],[11.259151,61.119613],[11.258905,61.119751],[11.258596,61.119948],[11.258545,61.120009],[11.258539,61.120098],[11.258637,61.120186],[11.259019,61.120329],[11.25907,61.120356],[11.259059,61.120382],[11.25873,61.120559],[11.258434,61.120778],[11.258268,61.120907],[11.25808,61.12109],[11.257812,61.121333],[11.2577,61.121487],[11.257456,61.121821],[11.25721,61.122073],[11.25673,61.122421],[11.256506,61.122638],[11.256387,61.122762],[11.256352,61.122824],[11.256172,61.122951],[11.251072,61.122696],[11.236585,61.120704],[11.230441,61.11888],[11.227763,61.118775],[11.225701,61.118688],[11.223492,61.118629],[11.222645,61.118591],[11.221829,61.118572],[11.219039,61.11845],[11.219039,61.11845],[11.217058,61.118374],[11.215982,61.118326],[11.214383,61.118257],[11.210383,61.119296],[11.208636,61.119795],[11.206442,61.120431],[11.203315,61.121345],[11.20121,61.121929],[11.19995,61.122326],[11.198173,61.122724],[11.193366,61.111573],[11.186106,61.094761],[11.187153,61.09467],[11.188323,61.094794],[11.189221,61.094808],[11.190617,61.094372],[11.19223,61.094303],[11.193044,61.094589],[11.194452,61.094972],[11.195646,61.095437],[11.196878,61.095808],[11.198512,61.095846],[11.200987,61.095279],[11.201746,61.094981],[11.20271,61.094467],[11.204297,61.094022],[11.205765,61.093777],[11.207889,61.093671],[11.208913,61.094017],[11.210726,61.09366],[11.212339,61.093378],[11.2138,61.093254],[11.215199,61.093701],[11.216137,61.093871],[11.216846,61.093916],[11.217781,61.093829],[11.218683,61.09306],[11.219619,61.091728],[11.221522,61.091618],[11.222437,61.091867],[11.225118,61.09173],[11.227416,61.091379],[11.228418,61.091405],[11.231548,61.091175],[11.233114,61.091078],[11.234991,61.090805],[11.236962,61.090395],[11.23814,61.090006],[11.239281,61.089709],[11.241023,61.08899],[11.243402,61.088737],[11.244856,61.08872],[11.247349,61.088835],[11.248312,61.088947],[11.25249,61.089611],[11.253279,61.089747],[11.254825,61.089572],[11.255886,61.088977],[11.256866,61.088918],[11.25889,61.088436],[11.261211,61.087998],[11.26313,61.088102],[11.264363,61.08828],[11.265762,61.088114],[11.268637,61.088023],[11.270883,61.088185],[11.273856,61.088434],[11.275336,61.088566],[11.276444,61.087561],[11.27652,61.087771],[11.282165,61.100317],[11.282386,61.100124],[11.282726,61.100148],[11.284223,61.100039]]]}},{"type":"Feature","properties":{"feltnummer":3,"jaktlag":"Skramstad og Svenningsen","areal_da":19939,"kontakt_navn":"Theodor Skramstad","kontakt_epost":"post@holegard.no","kontakt_tlf":"94005635"},"geometry":{"type":"Polygon","coordinates":[[[11.1988,61.135295],[11.199472,61.134733],[11.198777,61.134798],[11.198668,61.1346],[11.197931,61.134598],[11.197931,61.134914],[11.197063,61.135032],[11.197506,61.134402],[11.196395,61.134317],[11.196248,61.134105],[11.196175,61.134011],[11.195149,61.13417],[11.195049,61.134225],[11.195002,61.134599],[11.19423,61.134718],[11.194408,61.134957],[11.193518,61.135178],[11.193684,61.13545],[11.192817,61.135634],[11.192139,61.136058],[11.191771,61.13669],[11.191614,61.136977],[11.189453,61.13724],[11.188547,61.13734],[11.187763,61.137495],[11.186753,61.137796],[11.186068,61.137679],[11.185391,61.13769],[11.184819,61.137927],[11.183917,61.138084],[11.182895,61.138215],[11.182212,61.13814],[11.181584,61.137994],[11.180889,61.137735],[11.180219,61.137418],[11.179775,61.137382],[11.178716,61.137399],[11.177626,61.137388],[11.176278,61.137496],[11.175492,61.137622],[11.174558,61.137737],[11.17333,61.13787],[11.172448,61.137885],[11.171351,61.137788],[11.170588,61.137815],[11.169984,61.138024],[11.169282,61.138106],[11.168367,61.138064],[11.167269,61.137939],[11.165914,61.137947],[11.164476,61.138012],[11.163186,61.13809],[11.16245,61.138102],[11.161653,61.138072],[11.160971,61.137997],[11.160118,61.138011],[11.159123,61.138112],[11.157936,61.138402],[11.157287,61.138384],[11.156457,61.138311],[11.155795,61.138094],[11.155075,61.137906],[11.153709,61.137743],[11.152933,61.137584],[11.151654,61.137405],[11.150646,61.137293],[11.150033,61.137374],[11.149473,61.137369],[11.149102,61.137104],[11.148106,61.13675],[11.147378,61.136876],[11.146522,61.136846],[11.145879,61.136486],[11.144768,61.136162],[11.143187,61.135433],[11.142067,61.138763],[11.140211,61.144172],[11.121163,61.146981],[11.121549,61.142757],[11.114338,61.138948],[11.100852,61.135361],[11.101617,61.13473],[11.102095,61.134374],[11.103354,61.133335],[11.104306,61.132552],[11.107204,61.130217],[11.108012,61.129604],[11.110019,61.128016],[11.112377,61.126101],[11.114712,61.124162],[11.11855,61.12102],[11.119595,61.120154],[11.124865,61.115873],[11.126032,61.115154],[11.133373,61.11079],[11.136205,61.109102],[11.14398,61.104475],[11.149251,61.103347],[11.149464,61.103457],[11.150424,61.103727],[11.151457,61.103781],[11.152486,61.103765],[11.153461,61.103394],[11.154611,61.103005],[11.156169,61.102567],[11.157131,61.101997],[11.158275,61.101096],[11.15947,61.100507],[11.161239,61.099696],[11.162332,61.099337],[11.16308,61.099097],[11.163873,61.098643],[11.16476,61.098287],[11.165054,61.097855],[11.165517,61.097321],[11.166469,61.09705],[11.167829,61.096715],[11.168725,61.096487],[11.169382,61.096633],[11.170109,61.096521],[11.170755,61.096497],[11.171882,61.096208],[11.173323,61.095359],[11.174436,61.095284],[11.176756,61.09566],[11.178787,61.096126],[11.180297,61.096272],[11.182042,61.095988],[11.182843,61.095661],[11.184185,61.095497],[11.185393,61.095108],[11.186106,61.094761],[11.193366,61.111573],[11.198173,61.122724],[11.19995,61.122326],[11.20121,61.121929],[11.203315,61.121345],[11.206442,61.120431],[11.208636,61.119795],[11.210383,61.119296],[11.214383,61.118257],[11.215982,61.118326],[11.217058,61.118374],[11.219039,61.11845],[11.219039,61.11845],[11.221829,61.118572],[11.222645,61.118591],[11.223492,61.118629],[11.225701,61.118688],[11.227763,61.118775],[11.228876,61.12948],[11.229028,61.129521],[11.228518,61.129406],[11.227932,61.129389],[11.227337,61.129367],[11.226793,61.1296],[11.226198,61.129806],[11.225498,61.13003],[11.225227,61.130211],[11.225078,61.130524],[11.224935,61.130566],[11.224109,61.130619],[11.223383,61.130686],[11.22245,61.130827],[11.22109,61.130676],[11.220488,61.13067],[11.219584,61.130748],[11.217816,61.131264],[11.217016,61.131378],[11.215503,61.131288],[11.213534,61.131155],[11.211637,61.13134],[11.209752,61.131519],[11.209137,61.131916],[11.208107,61.132598],[11.208043,61.132843],[11.20772,61.1331],[11.207651,61.133274],[11.207717,61.133524],[11.207896,61.133757],[11.208379,61.134386],[11.208743,61.13471],[11.205676,61.135097],[11.201209,61.135213],[11.199575,61.135277],[11.1988,61.135295]]]}},{"type":"Feature","properties":{"feltnummer":4,"jaktlag":"Grønli","areal_da":22026,"kontakt_navn":"Anders Grønli","kontakt_epost":"anders@sostu.no","kontakt_tlf":"48992742"},"geometry":{"type":"Polygon","coordinates":[[[11.177083,61.145294],[11.176441,61.145733],[11.176023,61.146103],[11.175774,61.146258],[11.175349,61.146471],[11.175103,61.146619],[11.174846,61.146778],[11.174681,61.14692],[11.174592,61.146995],[11.174417,61.1471],[11.174332,61.14717],[11.174174,61.147294],[11.174119,61.147438],[11.174071,61.147567],[11.173943,61.147773],[11.173962,61.147881],[11.174027,61.14811],[11.173979,61.14825],[11.173913,61.148405],[11.173902,61.148542],[11.173983,61.148771],[11.174004,61.148843],[11.173973,61.149038],[11.173973,61.149103],[11.17396,61.149272],[11.174013,61.149513],[11.174024,61.150146],[11.174017,61.150692],[11.173859,61.150875],[11.173495,61.151144],[11.173353,61.151261],[11.173066,61.151462],[11.172912,61.151586],[11.17274,61.151752],[11.172614,61.151923],[11.17259,61.152045],[11.172629,61.152269],[11.172728,61.152407],[11.172831,61.152652],[11.172787,61.152852],[11.172586,61.153118],[11.172342,61.153592],[11.172106,61.153945],[11.171934,61.154217],[11.17176,61.154464],[11.17142,61.154734],[11.171227,61.154755],[11.170912,61.154731],[11.170649,61.15469],[11.170404,61.154731],[11.16959,61.154962],[11.16938,61.155097],[11.169226,61.155112],[11.169038,61.155152],[11.168635,61.155276],[11.168364,61.155349],[11.168127,61.155518],[11.168007,61.155546],[11.167847,61.155576],[11.167642,61.155667],[11.167326,61.155804],[11.166975,61.155906],[11.166233,61.155923],[11.166116,61.156025],[11.16557,61.1561],[11.165367,61.156143],[11.165234,61.156225],[11.165241,61.156325],[11.165414,61.156435],[11.16557,61.156493],[11.165572,61.156533],[11.165578,61.156619],[11.165432,61.156695],[11.165373,61.156835],[11.165343,61.157002],[11.165375,61.157075],[11.165425,61.157201],[11.165459,61.157293],[11.165467,61.157413],[11.165376,61.157481],[11.165352,61.157541],[11.165362,61.157681],[11.165274,61.157809],[11.165387,61.157853],[11.165502,61.157918],[11.165584,61.15811],[11.165609,61.158269],[11.165411,61.158405],[11.165184,61.158509],[11.165167,61.158662],[11.165096,61.158823],[11.164901,61.158992],[11.164898,61.159159],[11.164635,61.159336],[11.16464,61.159403],[11.164269,61.159422],[11.164136,61.15949],[11.164056,61.159532],[11.163953,61.159633],[11.163783,61.159762],[11.163787,61.159822],[11.163572,61.159899],[11.163284,61.159917],[11.162873,61.159963],[11.162712,61.160026],[11.16265,61.160126],[11.162551,61.160281],[11.162453,61.160456],[11.162279,61.160538],[11.162219,61.160659],[11.162299,61.160824],[11.16224,61.160972],[11.162247,61.161078],[11.162237,61.161131],[11.162435,61.161208],[11.162445,61.161354],[11.162594,61.161518],[11.162493,61.161653],[11.162351,61.161795],[11.16231,61.161989],[11.162189,61.162243],[11.161963,61.16236],[11.161715,61.162564],[11.161535,61.162753],[11.161532,61.162899],[11.161399,61.162975],[11.161356,61.163155],[11.161403,61.163228],[11.161508,61.163352],[11.161464,61.163519],[11.161586,61.163697],[11.16153,61.163878],[11.161332,61.164214],[11.158362,61.161418],[11.157266,61.160379],[11.156076,61.15925],[11.153626,61.156924],[11.151708,61.155102],[11.150774,61.154213],[11.150271,61.153734],[11.148888,61.152417],[11.146381,61.150033],[11.14457,61.148308],[11.142022,61.145885],[11.140211,61.144172],[11.142067,61.138763],[11.143187,61.135433],[11.144768,61.136162],[11.145879,61.136486],[11.146522,61.136846],[11.147378,61.136876],[11.148106,61.13675],[11.149102,61.137104],[11.149473,61.137369],[11.150033,61.137374],[11.150646,61.137293],[11.151654,61.137405],[11.152933,61.137584],[11.153709,61.137743],[11.155075,61.137906],[11.155795,61.138094],[11.156457,61.138311],[11.157287,61.138384],[11.157936,61.138402],[11.159123,61.138112],[11.160118,61.138011],[11.160971,61.137997],[11.161653,61.138072],[11.16245,61.138102],[11.163186,61.13809],[11.164476,61.138012],[11.165914,61.137947],[11.167269,61.137939],[11.168367,61.138064],[11.169282,61.138106],[11.169984,61.138024],[11.170588,61.137815],[11.171351,61.137788],[11.172448,61.137885],[11.17333,61.13787],[11.174558,61.137737],[11.175492,61.137622],[11.176278,61.137496],[11.177626,61.137388],[11.178716,61.137399],[11.179775,61.137382],[11.180219,61.137418],[11.180889,61.137735],[11.181584,61.137994],[11.182212,61.13814],[11.182895,61.138215],[11.183917,61.138084],[11.184819,61.137927],[11.185391,61.13769],[11.186068,61.137679],[11.186753,61.137796],[11.187763,61.137495],[11.188547,61.13734],[11.189453,61.13724],[11.191614,61.136977],[11.191771,61.13669],[11.192139,61.136058],[11.192817,61.135634],[11.193249,61.135841],[11.193004,61.136016],[11.193101,61.136139],[11.193446,61.136027],[11.193657,61.136094],[11.192933,61.136373],[11.192534,61.136561],[11.192586,61.137002],[11.193087,61.136787],[11.193669,61.136802],[11.193843,61.136867],[11.19417,61.136695],[11.193872,61.136219],[11.194322,61.136233],[11.194273,61.135842],[11.194768,61.135763],[11.194718,61.136006],[11.195191,61.136344],[11.196357,61.135965],[11.195922,61.135314],[11.196102,61.135158],[11.1988,61.135295],[11.199575,61.135277],[11.201209,61.135213],[11.205676,61.135097],[11.208743,61.13471],[11.208379,61.134386],[11.207896,61.133757],[11.207717,61.133524],[11.207651,61.133274],[11.20772,61.1331],[11.208043,61.132843],[11.208107,61.132598],[11.209137,61.131916],[11.209752,61.131519],[11.211637,61.13134],[11.213534,61.131155],[11.215503,61.131288],[11.217016,61.131378],[11.217816,61.131264],[11.219584,61.130748],[11.220488,61.13067],[11.22109,61.130676],[11.22245,61.130827],[11.223383,61.130686],[11.224109,61.130619],[11.224935,61.130566],[11.225078,61.130524],[11.225227,61.130211],[11.225498,61.13003],[11.226198,61.129806],[11.226793,61.1296],[11.227337,61.129367],[11.227932,61.129389],[11.228518,61.129406],[11.229028,61.129521],[11.228876,61.12948],[11.227763,61.118775],[11.230441,61.11888],[11.236585,61.120704],[11.251072,61.122696],[11.256172,61.122951],[11.256352,61.122824],[11.256387,61.122762],[11.256506,61.122638],[11.25673,61.122421],[11.25721,61.122073],[11.257456,61.121821],[11.2577,61.121487],[11.257812,61.121333],[11.25808,61.12109],[11.258268,61.120907],[11.258434,61.120778],[11.25873,61.120559],[11.259059,61.120382],[11.25907,61.120356],[11.259019,61.120329],[11.258637,61.120186],[11.258539,61.120098],[11.258545,61.120009],[11.258596,61.119948],[11.258905,61.119751],[11.259151,61.119613],[11.259232,61.119529],[11.259155,61.119405],[11.259147,61.119347],[11.259212,61.119244],[11.25925,61.119223],[11.259437,61.119175],[11.259629,61.11924],[11.259747,61.119323],[11.26,61.119338],[11.260447,61.119392],[11.260706,61.11936],[11.260856,61.119346],[11.261144,61.119356],[11.261368,61.11934],[11.261855,61.119308],[11.262045,61.119305],[11.262275,61.119332],[11.262459,61.119335],[11.262737,61.119329],[11.263118,61.119261],[11.263513,61.119137],[11.263681,61.119031],[11.26381,61.118979],[11.264087,61.118887],[11.26423,61.118807],[11.264316,61.118681],[11.26443,61.118593],[11.264575,61.11853],[11.26477,61.118485],[11.265067,61.11846],[11.2653,61.118429],[11.265418,61.118402],[11.265435,61.118375],[11.265502,61.118344],[11.265723,61.118244],[11.26592,61.118196],[11.266108,61.118165],[11.266591,61.118153],[11.266833,61.118135],[11.267307,61.118111],[11.26766,61.118133],[11.268201,61.118157],[11.268581,61.118152],[11.269008,61.118094],[11.26946,61.118034],[11.269773,61.117972],[11.269965,61.117906],[11.270093,61.117853],[11.270298,61.117731],[11.270423,61.117649],[11.27056,61.117599],[11.270794,61.117496],[11.271081,61.117255],[11.271268,61.117204],[11.271354,61.117151],[11.2716,61.11708],[11.271663,61.11705],[11.271759,61.11702],[11.271882,61.117026],[11.271985,61.116994],[11.272065,61.11692],[11.272104,61.116886],[11.272217,61.116847],[11.272592,61.11684],[11.272793,61.116769],[11.272894,61.116746],[11.272977,61.116767],[11.273022,61.116816],[11.273112,61.116826],[11.273198,61.116825],[11.273308,61.116852],[11.273424,61.116864],[11.273626,61.116835],[11.273953,61.116756],[11.274122,61.116712],[11.274319,61.116625],[11.274338,61.116612],[11.274399,61.116573],[11.27456,61.11652],[11.27465,61.116489],[11.274675,61.116436],[11.274658,61.116391],[11.274636,61.116366],[11.274691,61.11634],[11.274685,61.116324],[11.274625,61.116267],[11.274648,61.116192],[11.274755,61.116082],[11.274942,61.11598],[11.274942,61.11598],[11.275063,61.115937],[11.275102,61.115895],[11.275125,61.115857],[11.275187,61.115836],[11.275264,61.115897],[11.275368,61.115908],[11.275487,61.115898],[11.275638,61.115847],[11.275751,61.115781],[11.27582,61.115709],[11.275879,61.115642],[11.275916,61.115496],[11.275947,61.115446],[11.276019,61.115401],[11.276115,61.115387],[11.276266,61.115347],[11.27634,61.115267],[11.276433,61.115179],[11.276722,61.115062],[11.276722,61.115062],[11.276851,61.115],[11.276906,61.114938],[11.276978,61.114848],[11.277107,61.11474],[11.277107,61.11474],[11.277104,61.114692],[11.277173,61.114568],[11.277173,61.114568],[11.277172,61.114498],[11.2771,61.114369],[11.2771,61.114369],[11.277039,61.114311],[11.277037,61.114292],[11.277146,61.114207],[11.277265,61.114187],[11.277265,61.114187],[11.277428,61.114149],[11.277625,61.114092],[11.277716,61.114034],[11.277837,61.113964],[11.277971,61.113881],[11.278126,61.113824],[11.278301,61.113813],[11.278403,61.11381],[11.278554,61.113828],[11.278622,61.113816],[11.278642,61.113782],[11.278624,61.113709],[11.278602,61.11369],[11.278633,61.113634],[11.278767,61.113537],[11.278906,61.113434],[11.278994,61.113376],[11.279114,61.113326],[11.279257,61.11331],[11.279472,61.113329],[11.27957,61.113335],[11.279737,61.113319],[11.279825,61.113306],[11.279968,61.113291],[11.280094,61.113299],[11.280094,61.113299],[11.280425,61.113297],[11.280535,61.113213],[11.280615,61.113185],[11.280693,61.113145],[11.280895,61.11314],[11.281003,61.113136],[11.28102,61.113117],[11.281034,61.113083],[11.281111,61.113045],[11.281576,61.112895],[11.281647,61.112862],[11.281686,61.112779],[11.281685,61.112723],[11.281644,61.112697],[11.281614,61.11268],[11.281584,61.112647],[11.281579,61.112605],[11.28157,61.112557],[11.281592,61.112522],[11.281678,61.112489],[11.281754,61.112459],[11.281845,61.112431],[11.282159,61.112354],[11.282505,61.112365],[11.282549,61.112368],[11.282625,61.112345],[11.282684,61.112307],[11.282769,61.112251],[11.282847,61.112197],[11.282894,61.112146],[11.282915,61.112059],[11.283024,61.11199],[11.283239,61.111946],[11.283429,61.11192],[11.283579,61.111926],[11.283579,61.111926],[11.283645,61.111952],[11.283728,61.111961],[11.283828,61.111958],[11.284021,61.111916],[11.284148,61.111855],[11.284197,61.111843],[11.284309,61.111874],[11.284395,61.111885],[11.284432,61.111867],[11.284639,61.11186],[11.284701,61.111855],[11.284902,61.111761],[11.284928,61.111748],[11.285096,61.111705],[11.285407,61.11167],[11.285528,61.111704],[11.285814,61.111644],[11.286089,61.111578],[11.286089,61.111578],[11.286113,61.11151],[11.286157,61.111448],[11.28633,61.111402],[11.286479,61.111385],[11.286589,61.111422],[11.286736,61.111373],[11.286827,61.111362],[11.286885,61.111337],[11.287017,61.111246],[11.287486,61.110968],[11.287627,61.110916],[11.287822,61.110875],[11.28846,61.110786],[11.288664,61.110784],[11.288854,61.111025],[11.290747,61.112677],[11.291246,61.113092],[11.29362,61.115297],[11.294014,61.115977],[11.294406,61.116655],[11.295229,61.118145],[11.295773,61.119152],[11.29445,61.119255],[11.295249,61.120272],[11.296298,61.120138],[11.296352,61.120883],[11.294938,61.120987],[11.294941,61.121433],[11.296386,61.12135],[11.296286,61.121707],[11.296546,61.122262],[11.297355,61.122794],[11.298702,61.12353],[11.299569,61.124026],[11.299676,61.12408],[11.298523,61.124648],[11.299286,61.124957],[11.298748,61.125251],[11.299208,61.125551],[11.298534,61.125847],[11.299356,61.12633],[11.300962,61.127217],[11.301106,61.127734],[11.301716,61.127811],[11.302591,61.128191],[11.30299,61.128075],[11.303,61.127789],[11.303804,61.127827],[11.3038,61.127352],[11.305146,61.127153],[11.304778,61.12667],[11.305147,61.127115],[11.306283,61.128232],[11.305549,61.128481],[11.306148,61.129074],[11.306757,61.129758],[11.306996,61.130134],[11.308013,61.130475],[11.308372,61.130459],[11.308355,61.130979],[11.308356,61.131751],[11.307571,61.132331],[11.305946,61.132119],[11.304685,61.132031],[11.304982,61.132787],[11.304027,61.132971],[11.304148,61.133166],[11.305517,61.133494],[11.305981,61.13342],[11.305919,61.133195],[11.306841,61.132982],[11.30669,61.133816],[11.307092,61.134421],[11.30817,61.134855],[11.309868,61.135492],[11.31081,61.135955],[11.311501,61.136369],[11.312295,61.137061],[11.313114,61.137712],[11.314061,61.138242],[11.315294,61.138913],[11.315678,61.139294],[11.316445,61.139971],[11.317124,61.140585],[11.317575,61.14111],[11.318134,61.141593],[11.318793,61.141941],[11.319697,61.142258],[11.322,61.142971],[11.322125,61.143827],[11.324009,61.143608],[11.323431,61.143978],[11.323101,61.144369],[11.323047,61.144756],[11.322717,61.145135],[11.322353,61.145358],[11.321676,61.145579],[11.320731,61.145838],[11.319902,61.14608],[11.319296,61.146158],[11.318798,61.146188],[11.31778,61.146174],[11.316836,61.146243],[11.316146,61.146405],[11.315352,61.146596],[11.314379,61.146715],[11.313002,61.146725],[11.312034,61.146841],[11.310488,61.146995],[11.30969,61.147124],[11.308381,61.147177],[11.307502,61.147205],[11.306722,61.147317],[11.305722,61.147342],[11.304792,61.147425],[11.304237,61.147367],[11.303831,61.147163],[11.303292,61.146738],[11.302647,61.146478],[11.301878,61.146369],[11.301144,61.146465],[11.299893,61.146709],[11.299165,61.146794],[11.298473,61.14688],[11.298044,61.147047],[11.297447,61.147482],[11.296706,61.148028],[11.295997,61.148104],[11.294912,61.148285],[11.293377,61.148377],[11.292638,61.148392],[11.291746,61.148482],[11.291545,61.148568],[11.290722,61.148678],[11.288916,61.148386],[11.287492,61.148109],[11.286663,61.148152],[11.285531,61.148285],[11.284563,61.148348],[11.282824,61.148227],[11.281683,61.148033],[11.280549,61.148145],[11.279064,61.14828],[11.277483,61.14852],[11.276222,61.1488],[11.275146,61.149151],[11.274472,61.149362],[11.273848,61.149492],[11.273379,61.149511],[11.272894,61.14942],[11.272495,61.149209],[11.271798,61.149132],[11.2713,61.149176],[11.270298,61.149474],[11.267981,61.14987],[11.266897,61.150015],[11.265625,61.150253],[11.264319,61.150325],[11.263215,61.150333],[11.262436,61.150123],[11.261436,61.150006],[11.260402,61.150183],[11.259734,61.150366],[11.259277,61.150628],[11.258511,61.150694],[11.258084,61.150671],[11.257002,61.150273],[11.255278,61.149846],[11.254058,61.149365],[11.253421,61.149208],[11.251424,61.149199],[11.25063,61.149095],[11.249226,61.14895],[11.247758,61.148983],[11.246721,61.149145],[11.243254,61.149936],[11.242459,61.149995],[11.241673,61.150022],[11.241105,61.150217],[11.240025,61.150673],[11.239514,61.150838],[11.237677,61.15111],[11.236732,61.151293],[11.235568,61.151383],[11.234516,61.151298],[11.233093,61.151072],[11.232206,61.151051],[11.231408,61.151096],[11.230714,61.151076],[11.22843,61.150537],[11.227297,61.150173],[11.226449,61.149868],[11.225866,61.149483],[11.225359,61.148975],[11.224942,61.148801],[11.224532,61.148462],[11.223561,61.147972],[11.222486,61.147564],[11.221807,61.147309],[11.220739,61.146994],[11.220198,61.14635],[11.219016,61.145997],[11.218714,61.146002],[11.218135,61.145998],[11.217024,61.145857],[11.216608,61.145824],[11.215624,61.14592],[11.214939,61.145971],[11.21408,61.145892],[11.213049,61.145722],[11.212111,61.145698],[11.211405,61.145443],[11.210961,61.144998],[11.210441,61.14466],[11.209965,61.144548],[11.209112,61.144549],[11.208012,61.144567],[11.207288,61.144858],[11.206369,61.145099],[11.20574,61.145163],[11.204651,61.14534],[11.203892,61.145512],[11.20238,61.14595],[11.201282,61.145994],[11.199952,61.145883],[11.198894,61.145713],[11.197992,61.145409],[11.19715,61.145183],[11.195921,61.144936],[11.194148,61.143787],[11.193585,61.14361],[11.193169,61.14357],[11.1924,61.143596],[11.191706,61.143707],[11.191393,61.143765],[11.191207,61.143868],[11.190972,61.144045],[11.190932,61.144265],[11.190689,61.144329],[11.190456,61.144346],[11.190247,61.14431],[11.189945,61.144321],[11.189877,61.144336],[11.189576,61.144367],[11.189153,61.144421],[11.188807,61.1444],[11.188196,61.144523],[11.187966,61.144573],[11.187917,61.14466],[11.187701,61.144724],[11.187504,61.144667],[11.187404,61.144615],[11.186804,61.144705],[11.186419,61.144904],[11.186039,61.144983],[11.185658,61.145056],[11.185233,61.145269],[11.185034,61.145386],[11.184817,61.145429],[11.184456,61.145382],[11.183769,61.145413],[11.183522,61.145423],[11.183228,61.145355],[11.182992,61.145319],[11.182907,61.14528],[11.182549,61.145286],[11.182405,61.145395],[11.182187,61.145425],[11.182121,61.145466],[11.182002,61.145534],[11.181663,61.145613],[11.181459,61.14565],[11.181371,61.145777],[11.181254,61.145879],[11.181043,61.145809],[11.180942,61.145744],[11.18067,61.145795],[11.180524,61.145864],[11.180416,61.145899],[11.18019,61.146023],[11.180078,61.145985],[11.180003,61.145899],[11.179984,61.145826],[11.179862,61.145855],[11.179523,61.145927],[11.17941,61.145882],[11.178953,61.145856],[11.178705,61.145854],[11.178295,61.145894],[11.177879,61.145847],[11.177607,61.145698],[11.177428,61.145495],[11.177083,61.145294]]]}},{"type":"Feature","properties":{"feltnummer":5,"jaktlag":"Søndre Raufjellsameie","areal_da":12718,"kontakt_navn":"Anders Grønli","kontakt_epost":"anders@sostu.no","kontakt_tlf":"48992742"},"geometry":{"type":"Polygon","coordinates":[[[11.161332,61.164214],[11.164338,61.167085],[11.166805,61.169397],[11.134158,61.171183],[11.129566,61.17149],[11.127402,61.171615],[11.119996,61.172053],[11.119622,61.171942],[11.117555,61.171761],[11.114227,61.171469],[11.111067,61.171204],[11.108053,61.170928],[11.104727,61.170636],[11.099973,61.170218],[11.097092,61.169966],[11.093721,61.169669],[11.087077,61.169086],[11.086618,61.169023],[11.084387,61.167988],[11.081421,61.166779],[11.07915,61.165852],[11.077048,61.164995],[11.075296,61.16428],[11.072457,61.163122],[11.068477,61.161499],[11.074534,61.1566],[11.087964,61.145768],[11.088215,61.145555],[11.100852,61.135361],[11.114338,61.138948],[11.121549,61.142757],[11.121163,61.146981],[11.140211,61.144172],[11.142022,61.145885],[11.14457,61.148308],[11.146381,61.150033],[11.148888,61.152417],[11.150271,61.153734],[11.150774,61.154213],[11.151708,61.155102],[11.153626,61.156924],[11.156076,61.15925],[11.157266,61.160379],[11.158362,61.161418],[11.161332,61.164214]]]}},{"type":"Feature","properties":{"feltnummer":6,"jaktlag":"Nordre Raufjellsameie","areal_da":36629,"kontakt_navn":"Heidi Knackstedt","kontakt_epost":"heidiknackstedt@hotmail.com","kontakt_tlf":"99537242"},"geometry":{"type":"Polygon","coordinates":[[[11.032365,61.247155],[11.018168,61.246402],[11.000093,61.249671],[10.969914,61.254324],[10.957745,61.256165],[10.995249,61.227039],[10.995255,61.227419],[10.995695,61.228238],[10.995835,61.228333],[10.99633,61.228338],[10.996599,61.228786],[10.997127,61.229519],[10.997217,61.229666],[10.997298,61.229885],[10.997371,61.229993],[10.997726,61.230097],[10.997975,61.230236],[10.998009,61.230345],[10.998036,61.230557],[10.998207,61.230729],[10.998458,61.230893],[10.998649,61.230941],[10.998994,61.230898],[10.999649,61.230888],[11.000054,61.23074],[11.000095,61.230327],[11.000315,61.230208],[11.000525,61.230153],[11.000923,61.229896],[11.001186,61.229608],[11.001389,61.229437],[11.00167,61.22922],[11.001898,61.229023],[11.001957,61.228894],[11.001651,61.228718],[11.00155,61.228603],[11.001641,61.228563],[11.001919,61.228514],[11.002114,61.228427],[11.002437,61.228248],[11.002375,61.228107],[11.002494,61.22788],[11.002436,61.227803],[11.002193,61.227768],[11.002009,61.227816],[11.001773,61.227897],[11.001583,61.227861],[11.001351,61.227787],[11.001118,61.227687],[11.001152,61.227597],[11.001296,61.227543],[11.001548,61.227507],[11.001733,61.227485],[11.001917,61.227424],[11.001952,61.227353],[11.001961,61.227281],[11.002078,61.227222],[11.002206,61.22713],[11.002107,61.227041],[11.001928,61.226966],[11.001852,61.226819],[11.001846,61.226729],[11.001762,61.226672],[11.001549,61.226688],[11.001206,61.226757],[11.000966,61.226767],[11.000826,61.226679],[11.000739,61.226571],[11.000614,61.226495],[11.000431,61.226563],[11.00026,61.22661],[11.000175,61.22654],[11.000089,61.226451],[10.999966,61.226408],[10.999791,61.226385],[10.999682,61.226348],[10.999652,61.226297],[10.999437,61.226287],[10.999284,61.226399],[10.999142,61.226491],[10.998997,61.226526],[10.998796,61.226509],[10.998737,61.226426],[10.998652,61.22635],[10.998659,61.226253],[10.998757,61.226104],[10.99886,61.226044],[10.998897,61.225998],[10.998786,61.225935],[10.998702,61.225872],[10.998684,61.225802],[10.998629,61.225777],[10.998281,61.225782],[10.997857,61.22584],[10.99766,61.225894],[10.997261,61.225939],[10.997077,61.22598],[10.996977,61.226098],[10.996884,61.226318],[10.996758,61.226436],[10.996601,61.226496],[10.996351,61.226552],[10.996207,61.226612],[10.99597,61.226667],[10.995742,61.226703],[10.995676,61.226707],[11.024599,61.2042],[11.02594,61.202385],[11.031515,61.196117],[11.062706,61.167379],[11.068477,61.161499],[11.072457,61.163122],[11.075296,61.16428],[11.077048,61.164995],[11.07915,61.165852],[11.081421,61.166779],[11.084387,61.167988],[11.086618,61.169023],[11.087077,61.169086],[11.093721,61.169669],[11.097092,61.169966],[11.099973,61.170218],[11.104727,61.170636],[11.108053,61.170928],[11.111067,61.171204],[11.114227,61.171469],[11.117555,61.171761],[11.119622,61.171942],[11.119996,61.172053],[11.121463,61.172223],[11.122273,61.172384],[11.122525,61.172569],[11.122554,61.172725],[11.12252,61.172834],[11.122623,61.172946],[11.122716,61.172984],[11.122915,61.173033],[11.123008,61.173063],[11.123176,61.173132],[11.123185,61.173226],[11.123092,61.173337],[11.123092,61.173337],[11.123233,61.173469],[11.12336,61.173557],[11.123324,61.173676],[11.123234,61.1737],[11.123133,61.173865],[11.123248,61.173968],[11.123282,61.174057],[11.123341,61.174206],[11.123546,61.174174],[11.123851,61.174169],[11.12406,61.174224],[11.124316,61.174335],[11.124388,61.174421],[11.124037,61.174596],[11.124008,61.17474],[11.12409,61.174826],[11.124244,61.175043],[11.124269,61.175149],[11.124442,61.175318],[11.125128,61.175526],[11.125644,61.175747],[11.126004,61.176008],[11.126553,61.176396],[11.126811,61.176754],[11.126778,61.17706],[11.126937,61.177245],[11.126937,61.177245],[11.127439,61.177481],[11.128077,61.177626],[11.128614,61.177821],[11.128181,61.178077],[11.128179,61.178493],[11.128136,61.178722],[11.127998,61.178996],[11.127292,61.1792],[11.127155,61.179306],[11.127012,61.179547],[11.127291,61.179696],[11.127611,61.179783],[11.127669,61.179925],[11.127582,61.180216],[11.127493,61.180423],[11.127459,61.180708],[11.127344,61.180892],[11.127203,61.181057],[11.127209,61.181197],[11.127298,61.181444],[11.127392,61.181682],[11.12729,61.181873],[11.12716,61.182142],[11.127171,61.182344],[11.126938,61.182633],[11.126889,61.182685],[11.126789,61.182909],[11.12745,61.183238],[11.127324,61.183621],[11.126929,61.183922],[11.126663,61.184111],[11.126294,61.184415],[11.12622,61.1847],[11.126227,61.184956],[11.12626,61.185127],[11.126203,61.18526],[11.12567,61.185632],[11.125839,61.186227],[11.125897,61.186514],[11.125552,61.186778],[11.12545,61.186906],[11.125461,61.187051],[11.125719,61.187207],[11.125874,61.187438],[11.125985,61.187709],[11.126109,61.187917],[11.126545,61.188214],[11.126822,61.188432],[11.126831,61.188692],[11.126503,61.18902],[11.125954,61.189474],[11.125372,61.189848],[11.12522,61.190037],[11.125416,61.190255],[11.125708,61.190551],[11.125784,61.190748],[11.125553,61.191064],[11.125439,61.191307],[11.12554,61.191499],[11.126234,61.191552],[11.126579,61.191607],[11.12657,61.192037],[11.12641,61.192595],[11.126471,61.193064],[11.127398,61.193253],[11.126526,61.193775],[11.125738,61.194222],[11.12439,61.194571],[11.124194,61.194737],[11.123737,61.194953],[11.123286,61.195273],[11.122563,61.195704],[11.12038,61.196358],[11.119292,61.196638],[11.117333,61.19711],[11.116859,61.197751],[11.116596,61.198218],[11.116,61.198583],[11.114627,61.199224],[11.114125,61.199659],[11.113719,61.199978],[11.112548,61.20078],[11.111373,61.201289],[11.109696,61.201813],[11.109139,61.202086],[11.108396,61.202894],[11.108129,61.203311],[11.108093,61.203654],[11.108472,61.204238],[11.107918,61.20456],[11.107273,61.204848],[11.106453,61.205167],[11.105715,61.205359],[11.105559,61.205473],[11.104073,61.20598],[11.10349,61.206316],[11.10326,61.206892],[11.10326,61.206892],[11.102651,61.207342],[11.102154,61.207765],[11.101658,61.208314],[11.101018,61.209213],[11.101018,61.209213],[11.100073,61.209521],[11.099331,61.209757],[11.098105,61.209912],[11.097231,61.209915],[11.095039,61.210199],[11.094241,61.210381],[11.093057,61.210914],[11.092688,61.211166],[11.09217,61.211463],[11.092157,61.211966],[11.091345,61.212516],[11.090327,61.212967],[11.089253,61.213383],[11.087513,61.214195],[11.087513,61.214195],[11.086698,61.214485],[11.08637,61.215087],[11.085467,61.215915],[11.085467,61.215915],[11.084751,61.216724],[11.08403,61.217112],[11.083529,61.217257],[11.082436,61.217664],[11.081936,61.217899],[11.080677,61.218467],[11.079937,61.2189],[11.078699,61.219648],[11.078419,61.219604],[11.077308,61.220029],[11.076641,61.220344],[11.076064,61.22031],[11.07562,61.220536],[11.075313,61.221425],[11.075313,61.221425],[11.074985,61.222072],[11.074374,61.222298],[11.07366,61.223421],[11.072919,61.223728],[11.071474,61.224297],[11.06967,61.224437],[11.069095,61.224609],[11.068444,61.224637],[11.068113,61.225051],[11.068492,61.225615],[11.067978,61.226308],[11.068317,61.226621],[11.06812,61.227375],[11.067622,61.227771],[11.06634,61.228053],[11.065341,61.228558],[11.065341,61.228558],[11.064829,61.229421],[11.064333,61.230014],[11.064696,61.230893],[11.062354,61.231285],[11.061019,61.231728],[11.059924,61.232062],[11.058215,61.23247],[11.057009,61.232805],[11.055894,61.233077],[11.05376,61.233702],[11.05291,61.234368],[11.052429,61.234612],[11.051633,61.235026],[11.050388,61.235343],[11.048179,61.236004],[11.045915,61.236646],[11.044206,61.23709],[11.041979,61.237822],[11.04049,61.237898],[11.03945,61.238169],[11.038839,61.238548],[11.037805,61.239403],[11.037034,61.240544],[11.036561,61.241667],[11.036235,61.242574],[11.035593,61.243608],[11.035359,61.244335],[11.034756,61.245548],[11.032365,61.247155]]]}},{"type":"Feature","properties":{"feltnummer":7,"jaktlag":"Henri Knackstedt (Sorknes)","areal_da":19458,"kontakt_navn":"Henri Knackstedt","kontakt_epost":"henri.knackstedt@hotmail.com","kontakt_tlf":"41401575"},"geometry":{"type":"Polygon","coordinates":[[[11.366771,61.150947],[11.366831,61.150948],[11.366853,61.150947],[11.366906,61.15094],[11.366921,61.150935],[11.366954,61.150924],[11.366981,61.150914],[11.367015,61.150898],[11.367064,61.150867],[11.36709,61.150842],[11.3671,61.150826],[11.367104,61.150809],[11.367102,61.150791],[11.367094,61.150774],[11.367068,61.150752],[11.36705,61.150743],[11.367002,61.150719],[11.366973,61.150705],[11.366958,61.150696],[11.366937,61.150676],[11.366927,61.150656],[11.366924,61.15063],[11.366947,61.150613],[11.366978,61.150608],[11.367013,61.150616],[11.367039,61.150631],[11.367051,61.150627],[11.36706,61.150607],[11.367064,61.150603],[11.367106,61.150586],[11.367106,61.150586],[11.367166,61.150575],[11.367209,61.150595],[11.367256,61.15061],[11.367298,61.150625],[11.367396,61.150653],[11.367469,61.150668],[11.367517,61.150676],[11.367559,61.150679],[11.367596,61.150679],[11.367595,61.150664],[11.367581,61.150649],[11.367559,61.150625],[11.367597,61.150617],[11.367632,61.150616],[11.3677,61.150619],[11.367735,61.150625],[11.367779,61.150629],[11.367861,61.150635],[11.367917,61.150633],[11.36798,61.150628],[11.368006,61.150633],[11.368093,61.150649],[11.368142,61.150654],[11.368176,61.15065],[11.368228,61.150635],[11.36829,61.150614],[11.368363,61.150584],[11.368422,61.150555],[11.368511,61.150514],[11.368535,61.150506],[11.368631,61.150499],[11.368685,61.150501],[11.368781,61.150504],[11.368909,61.150514],[11.368984,61.150532],[11.369068,61.150553],[11.369122,61.150569],[11.369173,61.150587],[11.369286,61.150629],[11.369335,61.150652],[11.369387,61.15068],[11.369418,61.150707],[11.369434,61.150737],[11.369444,61.150771],[11.369445,61.1508],[11.369443,61.150831],[11.369439,61.150864],[11.369412,61.15097],[11.369381,61.151044],[11.369354,61.151111],[11.369312,61.151187],[11.369286,61.151222],[11.369252,61.151258],[11.369199,61.151316],[11.369165,61.151355],[11.369134,61.151386],[11.369081,61.151432],[11.369021,61.151478],[11.368928,61.151539],[11.368858,61.151573],[11.368794,61.151606],[11.368749,61.151632],[11.368647,61.151693],[11.368574,61.151744],[11.368492,61.151808],[11.368459,61.151849],[11.368405,61.151914],[11.368364,61.151968],[11.368318,61.152027],[11.368306,61.152091],[11.368307,61.152131],[11.368301,61.152177],[11.368303,61.152203],[11.368311,61.152235],[11.368326,61.152262],[11.368345,61.152295],[11.368368,61.152329],[11.368422,61.152404],[11.368473,61.152478],[11.368491,61.152514],[11.368507,61.15255],[11.368522,61.152592],[11.368548,61.152688],[11.368565,61.152758],[11.368573,61.152803],[11.368595,61.152882],[11.36863,61.152914],[11.368652,61.152938],[11.368667,61.152956],[11.368699,61.152993],[11.36874,61.153045],[11.36875,61.153074],[11.368755,61.153129],[11.368752,61.153166],[11.368737,61.153213],[11.368709,61.153277],[11.368685,61.153327],[11.368651,61.153395],[11.368621,61.153438],[11.368564,61.153513],[11.368512,61.153575],[11.368478,61.153612],[11.368442,61.153648],[11.368375,61.153711],[11.368336,61.153743],[11.368302,61.153773],[11.368227,61.153834],[11.368204,61.153853],[11.368161,61.153886],[11.368109,61.153921],[11.368053,61.153955],[11.367997,61.153984],[11.367948,61.154008],[11.367913,61.154024],[11.367847,61.154055],[11.367806,61.154079],[11.36776,61.154107],[11.367683,61.154151],[11.36764,61.154179],[11.367604,61.154204],[11.367568,61.154228],[11.367524,61.154252],[11.367463,61.154282],[11.367408,61.154307],[11.367325,61.154342],[11.367221,61.154388],[11.367116,61.154434],[11.367017,61.15448],[11.36687,61.154547],[11.366804,61.154576],[11.366747,61.154599],[11.366673,61.154631],[11.366539,61.154691],[11.366483,61.15472],[11.36644,61.154746],[11.36636,61.154797],[11.366329,61.154821],[11.366246,61.154886],[11.366218,61.154912],[11.366146,61.154981],[11.366117,61.155017],[11.366068,61.155083],[11.366024,61.155143],[11.36601,61.155163],[11.365971,61.155229],[11.36595,61.155257],[11.365908,61.155298],[11.365878,61.155322],[11.365817,61.155368],[11.365776,61.155402],[11.365742,61.155427],[11.365696,61.155447],[11.365562,61.155503],[11.365478,61.15554],[11.365413,61.15557],[11.365365,61.155594],[11.36529,61.155632],[11.365245,61.155653],[11.365144,61.155699],[11.365078,61.155726],[11.364996,61.155763],[11.36489,61.155809],[11.364844,61.155831],[11.364786,61.155863],[11.364725,61.155891],[11.364634,61.155944],[11.364541,61.155993],[11.364504,61.156015],[11.364443,61.15605],[11.364371,61.156092],[11.364312,61.156125],[11.364226,61.156173],[11.36414,61.156217],[11.364066,61.156257],[11.363976,61.156305],[11.363903,61.156346],[11.363826,61.156393],[11.363722,61.156453],[11.363598,61.15653],[11.363517,61.15658],[11.363438,61.156632],[11.363393,61.156662],[11.363361,61.156682],[11.363195,61.156806],[11.363066,61.156914],[11.362981,61.156992],[11.362916,61.157047],[11.362768,61.157169],[11.362699,61.157253],[11.362637,61.157339],[11.362588,61.15741],[11.36255,61.157485],[11.362461,61.157622],[11.362397,61.157728],[11.362347,61.157835],[11.362311,61.157917],[11.362255,61.158019],[11.362208,61.158114],[11.362184,61.158149],[11.362,61.158284],[11.361919,61.158374],[11.361853,61.158433],[11.36178,61.158492],[11.361692,61.15855],[11.36159,61.158615],[11.361508,61.158658],[11.361508,61.158658],[11.361313,61.158743],[11.361238,61.15878],[11.361039,61.158856],[11.360951,61.158882],[11.360765,61.158927],[11.360676,61.158956],[11.360546,61.159004],[11.360454,61.159053],[11.360407,61.159096],[11.360338,61.159137],[11.360321,61.159142],[11.360262,61.159147],[11.3602,61.159162],[11.360183,61.159191],[11.360146,61.159223],[11.36007,61.159239],[11.359948,61.159259],[11.359831,61.159278],[11.359692,61.159309],[11.359609,61.159326],[11.359539,61.15934],[11.35943,61.159447],[11.359406,61.1595],[11.359308,61.159569],[11.35925,61.159592],[11.359187,61.159622],[11.359136,61.159664],[11.3591,61.159714],[11.359046,61.159842],[11.359032,61.159902],[11.358993,61.159954],[11.358982,61.160015],[11.358981,61.16007],[11.358973,61.160137],[11.358961,61.160257],[11.358989,61.160351],[11.359014,61.160443],[11.359004,61.160528],[11.358988,61.160688],[11.35895,61.160764],[11.358933,61.160837],[11.358912,61.160919],[11.358827,61.161044],[11.358761,61.161117],[11.358725,61.161193],[11.358706,61.161267],[11.358689,61.161322],[11.35869,61.161344],[11.358674,61.16141],[11.358653,61.161468],[11.358615,61.161506],[11.358594,61.161546],[11.358618,61.16158],[11.358637,61.161637],[11.358627,61.161681],[11.358628,61.161727],[11.35856,61.161817],[11.358495,61.161889],[11.358457,61.16196],[11.35837,61.162047],[11.358341,61.162063],[11.358299,61.162106],[11.358259,61.162145],[11.358237,61.162202],[11.358223,61.162254],[11.358166,61.162312],[11.358119,61.162343],[11.357905,61.162513],[11.357803,61.1626],[11.357694,61.162697],[11.357592,61.162827],[11.357509,61.16293],[11.357437,61.163035],[11.357318,61.163171],[11.357258,61.16322],[11.357159,61.163301],[11.357027,61.163409],[11.356962,61.163485],[11.356927,61.163546],[11.356892,61.163629],[11.35682,61.163728],[11.356723,61.163829],[11.356594,61.163935],[11.356491,61.164026],[11.356424,61.164075],[11.356388,61.164119],[11.356384,61.164158],[11.356384,61.164158],[11.356401,61.164233],[11.356359,61.164299],[11.356336,61.164368],[11.356335,61.164423],[11.356369,61.164452],[11.356366,61.164515],[11.359024,61.164363],[11.359018,61.164273],[11.358869,61.163804],[11.358885,61.163583],[11.359112,61.162927],[11.359856,61.162215],[11.360273,61.161916],[11.360667,61.161744],[11.361068,61.161659],[11.361306,61.161576],[11.36131,61.161419],[11.361571,61.16121],[11.361945,61.160983],[11.362557,61.160682],[11.363241,61.160481],[11.363376,61.160322],[11.364011,61.159894],[11.364222,61.15967],[11.364433,61.159446],[11.36469,61.159403],[11.364859,61.159486],[11.365373,61.159839],[11.365776,61.160217],[11.365968,61.160614],[11.365898,61.160977],[11.365953,61.161495],[11.366019,61.161942],[11.365969,61.162359],[11.365603,61.162908],[11.36533,61.163164],[11.365048,61.163531],[11.364643,61.163782],[11.364172,61.16401],[11.363748,61.164214],[11.363227,61.16442],[11.363055,61.164517],[11.362751,61.165017],[11.362526,61.165281],[11.362413,61.165503],[11.361927,61.165747],[11.361418,61.165905],[11.360964,61.165937],[11.360782,61.165885],[11.360218,61.165745],[11.359929,61.165578],[11.359733,61.165353],[11.359581,61.165057],[11.359423,61.16469],[11.359167,61.16453],[11.359026,61.164383],[11.356365,61.164522],[11.356319,61.164563],[11.356265,61.164574],[11.356252,61.164603],[11.356304,61.164636],[11.356347,61.164663],[11.356387,61.164706],[11.356432,61.164756],[11.356443,61.164795],[11.356492,61.164827],[11.356538,61.164873],[11.356567,61.164907],[11.35662,61.164938],[11.356654,61.164975],[11.356682,61.16501],[11.356702,61.165046],[11.356705,61.165075],[11.356672,61.165148],[11.356681,61.165257],[11.356617,61.165356],[11.35664,61.165478],[11.356626,61.165599],[11.356608,61.165784],[11.356561,61.165893],[11.356517,61.166033],[11.356469,61.1661],[11.356453,61.166119],[11.356433,61.166162],[11.356418,61.166232],[11.356421,61.166294],[11.356418,61.166373],[11.356424,61.166448],[11.35644,61.166499],[11.356444,61.166517],[11.356444,61.166552],[11.356483,61.166582],[11.356519,61.166614],[11.356555,61.166642],[11.356563,61.166666],[11.356548,61.166698],[11.356566,61.166728],[11.356614,61.166762],[11.356655,61.166797],[11.356644,61.166818],[11.356665,61.16684],[11.356713,61.166864],[11.356782,61.166906],[11.35689,61.166969],[11.356923,61.16699],[11.357069,61.167075],[11.357205,61.167148],[11.357305,61.167211],[11.357413,61.167303],[11.357521,61.167392],[11.357566,61.167449],[11.357651,61.167564],[11.357705,61.167615],[11.357803,61.167667],[11.357923,61.167722],[11.358032,61.167764],[11.358095,61.167795],[11.358126,61.167901],[11.358149,61.167996],[11.358155,61.168083],[11.358133,61.168193],[11.358084,61.168291],[11.358063,61.168345],[11.358039,61.168403],[11.357991,61.168466],[11.357892,61.168554],[11.357726,61.168693],[11.357582,61.168805],[11.357403,61.168926],[11.357275,61.169012],[11.357162,61.169077],[11.356913,61.169209],[11.356821,61.169252],[11.356699,61.169299],[11.356565,61.169356],[11.35639,61.169464],[11.356272,61.169545],[11.356169,61.169602],[11.356113,61.169657],[11.356062,61.169734],[11.356023,61.169766],[11.356004,61.169796],[11.355966,61.169849],[11.355902,61.169888],[11.355824,61.169949],[11.355672,61.170059],[11.355644,61.170079],[11.355654,61.170117],[11.355576,61.170173],[11.355525,61.170207],[11.355326,61.170337],[11.355196,61.170456],[11.355042,61.170578],[11.354681,61.170789],[11.354574,61.170839],[11.35431,61.170966],[11.354079,61.171065],[11.353811,61.17119],[11.353615,61.171253],[11.353284,61.171384],[11.353022,61.171492],[11.352576,61.171728],[11.352301,61.171914],[11.352112,61.172061],[11.351929,61.172219],[11.351822,61.172286],[11.351665,61.17241],[11.351469,61.172594],[11.351369,61.172733],[11.351295,61.172913],[11.351207,61.17303],[11.350638,61.173516],[11.350504,61.173614],[11.350379,61.173704],[11.350245,61.173894],[11.350172,61.174023],[11.350087,61.174167],[11.349997,61.174276],[11.349878,61.17444],[11.349778,61.174571],[11.34967,61.174733],[11.349627,61.174854],[11.34957,61.175023],[11.349576,61.175076],[11.349601,61.175135],[11.349614,61.175202],[11.34963,61.175275],[11.349612,61.175348],[11.349641,61.175396],[11.349661,61.175532],[11.351292,61.175495],[11.351314,61.175239],[11.351557,61.174575],[11.351911,61.174081],[11.352456,61.173537],[11.352692,61.173203],[11.353242,61.172722],[11.353892,61.17227],[11.354758,61.171658],[11.355986,61.171102],[11.356833,61.170678],[11.357968,61.170187],[11.359086,61.16946],[11.359313,61.169456],[11.359433,61.169753],[11.359408,61.170288],[11.359182,61.170747],[11.359142,61.171078],[11.358503,61.171687],[11.357885,61.172122],[11.357242,61.172668],[11.356502,61.173215],[11.355402,61.173753],[11.354779,61.174125],[11.353876,61.174676],[11.353111,61.174893],[11.352445,61.175125],[11.352133,61.175319],[11.351681,61.175358],[11.351656,61.175469],[11.351302,61.175522],[11.34966,61.175555],[11.349624,61.175663],[11.349566,61.175812],[11.349471,61.175985],[11.349439,61.176035],[11.349407,61.176086],[11.349316,61.176264],[11.349137,61.176541],[11.349121,61.176584],[11.349091,61.176662],[11.349029,61.176759],[11.348968,61.176835],[11.348841,61.176995],[11.348787,61.177065],[11.348707,61.177154],[11.348646,61.177221],[11.348535,61.177339],[11.348451,61.177443],[11.34836,61.177556],[11.348212,61.177709],[11.348133,61.17781],[11.348032,61.177918],[11.347924,61.178072],[11.347898,61.178178],[11.347848,61.178293],[11.347693,61.178576],[11.347555,61.178716],[11.347477,61.178835],[11.347389,61.178939],[11.347315,61.17908],[11.347194,61.179313],[11.347117,61.179469],[11.347029,61.179686],[11.346977,61.179784],[11.346929,61.179927],[11.346835,61.180143],[11.346806,61.180273],[11.346794,61.180381],[11.346741,61.180561],[11.346692,61.180731],[11.346687,61.180941],[11.3467,61.181038],[11.346687,61.181188],[11.346696,61.18129],[11.346678,61.181398],[11.346702,61.181441],[11.346742,61.181526],[11.346777,61.181594],[11.346763,61.181743],[11.346759,61.181848],[11.346712,61.181995],[11.346716,61.182061],[11.346743,61.1821],[11.346771,61.18217],[11.346744,61.182295],[11.346637,61.182497],[11.346555,61.182643],[11.346473,61.182836],[11.346424,61.182921],[11.346387,61.183065],[11.346318,61.183218],[11.346287,61.183259],[11.346181,61.183386],[11.346099,61.18347],[11.345992,61.183554],[11.345902,61.183609],[11.345815,61.183671],[11.345695,61.183758],[11.345544,61.183866],[11.345415,61.183978],[11.345317,61.184062],[11.345218,61.1842],[11.345177,61.184259],[11.34511,61.184335],[11.345052,61.184449],[11.344949,61.18454],[11.34493,61.184565],[11.344887,61.184641],[11.344833,61.184706],[11.344773,61.184769],[11.344714,61.184856],[11.344657,61.184973],[11.344665,61.18506],[11.344697,61.185222],[11.344711,61.185359],[11.344723,61.185472],[11.344742,61.185551],[11.344753,61.185635],[11.344776,61.185721],[11.344816,61.1858],[11.344837,61.185887],[11.344873,61.18599],[11.344903,61.186088],[11.344925,61.186177],[11.344956,61.186276],[11.344991,61.186364],[11.345036,61.186453],[11.345086,61.186576],[11.345124,61.186698],[11.345147,61.186804],[11.345204,61.186905],[11.345246,61.187015],[11.345305,61.187125],[11.345414,61.187267],[11.345487,61.187363],[11.345542,61.187424],[11.345573,61.187439],[11.345609,61.187472],[11.345665,61.187492],[11.345689,61.187515],[11.345708,61.187541],[11.345752,61.18756],[11.345798,61.187584],[11.345833,61.187603],[11.345848,61.187639],[11.345907,61.187686],[11.345979,61.18774],[11.346027,61.187812],[11.346061,61.18788],[11.346139,61.187921],[11.346253,61.187965],[11.346331,61.188016],[11.346365,61.188045],[11.346414,61.188101],[11.346436,61.188165],[11.346476,61.188258],[11.346512,61.188337],[11.346577,61.18845],[11.346625,61.188549],[11.346702,61.188754],[11.346732,61.188899],[11.346835,61.189317],[11.346859,61.189445],[11.346865,61.189478],[11.346917,61.18958],[11.346967,61.189645],[11.34703,61.189684],[11.347091,61.189732],[11.347142,61.189792],[11.347194,61.189859],[11.347256,61.189928],[11.34726,61.189977],[11.347302,61.190034],[11.347379,61.190117],[11.34744,61.190177],[11.347616,61.190304],[11.347745,61.190385],[11.347841,61.190419],[11.347949,61.190484],[11.348056,61.190563],[11.348073,61.190576],[11.348138,61.190625],[11.348235,61.190792],[11.3483,61.190937],[11.348347,61.191045],[11.348363,61.191123],[11.348369,61.191232],[11.348419,61.191418],[11.348437,61.191554],[11.348444,61.191662],[11.348441,61.19183],[11.348443,61.191911],[11.348417,61.191999],[11.348445,61.19211],[11.348497,61.192222],[11.348481,61.192286],[11.348459,61.192355],[11.348418,61.192446],[11.348307,61.192576],[11.348134,61.192724],[11.347931,61.192883],[11.34769,61.193068],[11.347521,61.193201],[11.347412,61.193275],[11.347371,61.193302],[11.347233,61.193408],[11.347115,61.193513],[11.346983,61.19362],[11.346866,61.193722],[11.346866,61.193722],[11.346732,61.193846],[11.346599,61.193989],[11.346499,61.194122],[11.346381,61.194214],[11.346251,61.194313],[11.346218,61.194344],[11.346124,61.194459],[11.346039,61.194576],[11.34598,61.194646],[11.345912,61.194712],[11.345868,61.194783],[11.345826,61.194876],[11.345784,61.194974],[11.345773,61.195076],[11.345766,61.195163],[11.345767,61.195243],[11.345747,61.195325],[11.345696,61.195421],[11.345709,61.195502],[11.345699,61.195618],[11.345653,61.195723],[11.345597,61.195823],[11.345556,61.19592],[11.345519,61.196001],[11.345463,61.196115],[11.345412,61.196215],[11.345342,61.196329],[11.345293,61.196403],[11.345255,61.196435],[11.345209,61.196473],[11.345124,61.196544],[11.344926,61.196697],[11.344842,61.196786],[11.344729,61.196881],[11.344601,61.196997],[11.344439,61.197136],[11.344312,61.197238],[11.344164,61.197354],[11.344083,61.197422],[11.343959,61.197498],[11.343796,61.197605],[11.343634,61.197711],[11.343517,61.197783],[11.343343,61.197868],[11.343205,61.197925],[11.343054,61.19798],[11.34295,61.198005],[11.342879,61.198016],[11.342823,61.198068],[11.342749,61.198098],[11.342637,61.198144],[11.342573,61.198192],[11.34255,61.198228],[11.342492,61.198262],[11.342378,61.198282],[11.342311,61.198307],[11.342197,61.198351],[11.341955,61.198422],[11.341735,61.198492],[11.341484,61.198594],[11.34133,61.198627],[11.341151,61.198672],[11.340973,61.198712],[11.340729,61.198792],[11.340633,61.198847],[11.340483,61.198901],[11.34034,61.198982],[11.340263,61.199051],[11.340196,61.199126],[11.340101,61.199225],[11.339995,61.199343],[11.339922,61.199487],[11.339831,61.199635],[11.339779,61.199732],[11.339754,61.199846],[11.339743,61.199953],[11.339772,61.200038],[11.339761,61.200114],[11.339713,61.200241],[11.339686,61.200328],[11.339688,61.200363],[11.339671,61.200451],[11.341027,61.200465],[11.340972,61.200435],[11.340938,61.200361],[11.340939,61.200257],[11.340937,61.199956],[11.341078,61.199672],[11.341206,61.199476],[11.341366,61.199318],[11.34163,61.199152],[11.341939,61.198972],[11.342548,61.198837],[11.342874,61.198792],[11.343128,61.198755],[11.343269,61.198731],[11.343553,61.198667],[11.343704,61.198613],[11.343886,61.198541],[11.344099,61.198504],[11.344369,61.198468],[11.344466,61.198451],[11.344597,61.198415],[11.344639,61.198428],[11.344629,61.198496],[11.345147,61.19851],[11.345176,61.198445],[11.345179,61.198422],[11.345192,61.198354],[11.345215,61.198345],[11.345277,61.198301],[11.345223,61.198231],[11.345316,61.198171],[11.345309,61.198073],[11.345394,61.197914],[11.345609,61.197733],[11.345683,61.197638],[11.345877,61.197497],[11.346151,61.197241],[11.34645,61.197],[11.346714,61.196708],[11.346952,61.196405],[11.34724,61.196011],[11.347368,61.195754],[11.347463,61.1955],[11.347896,61.194762],[11.347976,61.194525],[11.348357,61.194168],[11.348865,61.193876],[11.349412,61.193572],[11.349698,61.193473],[11.349914,61.193422],[11.349997,61.19344],[11.350076,61.193521],[11.350154,61.193689],[11.350242,61.193888],[11.350286,61.19404],[11.350321,61.194181],[11.350433,61.194372],[11.350452,61.194525],[11.350505,61.194685],[11.350505,61.194909],[11.350518,61.195082],[11.350502,61.195526],[11.350322,61.195946],[11.350113,61.196307],[11.349851,61.196618],[11.349618,61.196884],[11.349429,61.197025],[11.349254,61.197147],[11.349121,61.197228],[11.349021,61.197313],[11.348987,61.197339],[11.348697,61.197537],[11.34842,61.197671],[11.348124,61.197793],[11.347844,61.197961],[11.347527,61.198109],[11.347289,61.198238],[11.347125,61.198305],[11.346911,61.198338],[11.345845,61.19868],[11.345745,61.198733],[11.345533,61.198794],[11.345427,61.19879],[11.345266,61.198765],[11.345162,61.198678],[11.34516,61.198592],[11.34516,61.198541],[11.345146,61.198516],[11.344631,61.198502],[11.344647,61.198595],[11.344596,61.198727],[11.34451,61.198878],[11.344392,61.198988],[11.344157,61.199171],[11.343915,61.199321],[11.343737,61.199438],[11.343477,61.199556],[11.343264,61.199646],[11.343091,61.199734],[11.342846,61.199838],[11.342487,61.199992],[11.342123,61.200138],[11.341663,61.200307],[11.341147,61.200485],[11.341053,61.200477],[11.33967,61.200464],[11.339658,61.200532],[11.339602,61.20068],[11.339583,61.200794],[11.339547,61.200883],[11.339502,61.200983],[11.339411,61.201101],[11.339363,61.201207],[11.339337,61.201298],[11.339303,61.201367],[11.339251,61.201515],[11.339216,61.201586],[11.339206,61.201639],[11.339177,61.201752],[11.339114,61.201836],[11.339059,61.201943],[11.338929,61.202067],[11.338869,61.202167],[11.33884,61.202271],[11.338827,61.202359],[11.338816,61.202427],[11.338793,61.202491],[11.338722,61.202627],[11.338616,61.202785],[11.338493,61.202968],[11.338392,61.203116],[11.338366,61.203179],[11.338332,61.203307],[11.338285,61.20339],[11.338288,61.203471],[11.338262,61.203537],[11.33819,61.203614],[11.338069,61.203679],[11.337952,61.203722],[11.337778,61.203752],[11.337668,61.203779],[11.337593,61.203817],[11.337429,61.20394],[11.337323,61.204011],[11.337264,61.204059],[11.337202,61.204111],[11.337019,61.204237],[11.336901,61.204317],[11.336823,61.204392],[11.336782,61.204437],[11.336641,61.204585],[11.33655,61.204681],[11.336516,61.204746],[11.336485,61.204815],[11.336399,61.20494],[11.336307,61.205077],[11.336252,61.205163],[11.336185,61.205332],[11.336122,61.205502],[11.336099,61.205678],[11.336078,61.205805],[11.336065,61.205906],[11.336078,61.205964],[11.336127,61.206019],[11.33629,61.206199],[11.33646,61.206345],[11.336656,61.206468],[11.336728,61.206525],[11.336826,61.206592],[11.336985,61.206671],[11.33743,61.206871],[11.337459,61.206906],[11.33752,61.206929],[11.337702,61.207003],[11.337779,61.207059],[11.337823,61.2071],[11.337878,61.207168],[11.337916,61.207204],[11.337991,61.207246],[11.338077,61.207294],[11.338149,61.207342],[11.338451,61.207634],[11.338558,61.207729],[11.338604,61.207799],[11.338696,61.207877],[11.338755,61.207964],[11.338879,61.208116],[11.339014,61.208259],[11.339145,61.208404],[11.339244,61.208496],[11.339287,61.208542],[11.33939,61.208683],[11.339453,61.208783],[11.339537,61.208896],[11.339615,61.208998],[11.339738,61.209104],[11.339852,61.209208],[11.339955,61.209271],[11.339977,61.20931],[11.340037,61.209357],[11.340087,61.209416],[11.34011,61.209493],[11.340124,61.209553],[11.340193,61.209603],[11.340263,61.209643],[11.340283,61.209687],[11.340291,61.209715],[11.340358,61.209759],[11.340439,61.209804],[11.340463,61.209869],[11.340515,61.20991],[11.340585,61.209953],[11.340633,61.21],[11.340675,61.210054],[11.340746,61.210106],[11.3408,61.21014],[11.340877,61.21018],[11.340932,61.210214],[11.340997,61.210286],[11.341067,61.210396],[11.34113,61.210457],[11.341222,61.210493],[11.341361,61.210586],[11.341489,61.210646],[11.341523,61.210679],[11.341509,61.21071],[11.341527,61.210736],[11.34164,61.210798],[11.341775,61.210867],[11.341924,61.210948],[11.342028,61.211015],[11.342118,61.21106],[11.342204,61.211124],[11.342289,61.211194],[11.342352,61.21123],[11.342445,61.211286],[11.342493,61.211335],[11.342506,61.21139],[11.34251,61.211431],[11.342494,61.211487],[11.342504,61.211529],[11.342583,61.211568],[11.342682,61.211591],[11.342786,61.211607],[11.342856,61.211636],[11.342984,61.211701],[11.343015,61.211756],[11.343078,61.211805],[11.343135,61.211867],[11.343186,61.21191],[11.343222,61.211947],[11.343242,61.211979],[11.343298,61.212093],[11.34334,61.212232],[11.343365,61.212393],[11.343333,61.212561],[11.343244,61.212683],[11.343163,61.212798],[11.343008,61.212969],[11.342897,61.213048],[11.342763,61.213109],[11.342595,61.213224],[11.34257,61.213294],[11.342555,61.213333],[11.34254,61.213396],[11.342544,61.213452],[11.342455,61.213578],[11.342407,61.213653],[11.342352,61.213705],[11.342268,61.213744],[11.342196,61.213788],[11.342089,61.213864],[11.341996,61.213939],[11.341944,61.21401],[11.341907,61.214072],[11.341746,61.214189],[11.341612,61.214293],[11.341556,61.214349],[11.341525,61.214397],[11.341506,61.214433],[11.341477,61.214487],[11.341445,61.214548],[11.341417,61.214604],[11.341376,61.214677],[11.341282,61.214787],[11.341207,61.214871],[11.34116,61.214925],[11.34114,61.21496],[11.341108,61.214999],[11.341103,61.215058],[11.341063,61.215071],[11.341063,61.215071],[11.340969,61.215091],[11.340923,61.215096],[11.340869,61.215099],[11.340767,61.215099],[11.34074,61.215218],[11.340609,61.215209],[11.34041,61.215189],[11.340195,61.215175],[11.339927,61.215157],[11.339662,61.215134],[11.339531,61.215091],[11.339375,61.215066],[11.338909,61.215056],[11.338468,61.215033],[11.337977,61.215073],[11.337459,61.2151],[11.337072,61.215165],[11.336632,61.215179],[11.336425,61.21518],[11.336166,61.215194],[11.335804,61.215184],[11.335591,61.21517],[11.335171,61.215109],[11.334775,61.215033],[11.334616,61.215005],[11.334372,61.214914],[11.334197,61.214824],[11.334032,61.214666],[11.33382,61.214444],[11.333626,61.214238],[11.333499,61.214111],[11.333368,61.213983],[11.333164,61.213874],[11.333042,61.213824],[11.332921,61.21375],[11.332713,61.213685],[11.332512,61.21362],[11.332261,61.213563],[11.332061,61.213522],[11.331847,61.213492],[11.33156,61.213414],[11.331239,61.213364],[11.330952,61.213303],[11.330595,61.213229],[11.330273,61.213175],[11.329925,61.21312],[11.329692,61.213061],[11.32944,61.213005],[11.329096,61.212915],[11.32905,61.212904],[11.328893,61.212873],[11.328699,61.212856],[11.328307,61.212796],[11.3282,61.212811],[11.327813,61.212774],[11.32755,61.212746],[11.327405,61.212759],[11.327143,61.212662],[11.326868,61.212549],[11.326764,61.212518],[11.326595,61.212488],[11.326166,61.212414],[11.325876,61.212367],[11.325648,61.212339],[11.325328,61.212279],[11.325032,61.212196],[11.324759,61.212136],[11.32433,61.212076],[11.324028,61.212032],[11.323725,61.211978],[11.323428,61.211945],[11.323104,61.211906],[11.32272,61.211865],[11.322419,61.211846],[11.322057,61.211811],[11.321749,61.211783],[11.321284,61.211719],[11.321013,61.211672],[11.320873,61.211644],[11.320754,61.211618],[11.320682,61.211587],[11.320599,61.211555],[11.32048,61.21152],[11.320329,61.211461],[11.320152,61.211386],[11.32005,61.211336],[11.319927,61.211273],[11.319822,61.211219],[11.319716,61.211143],[11.319636,61.211069],[11.31953,61.210988],[11.319455,61.210913],[11.319394,61.210849],[11.319379,61.210816],[11.319345,61.210791],[11.319279,61.210722],[11.319206,61.210629],[11.319157,61.210568],[11.319111,61.210514],[11.319069,61.210455],[11.319024,61.210382],[11.318948,61.210274],[11.31886,61.210168],[11.31878,61.210081],[11.318709,61.21001],[11.31867,61.209966],[11.318593,61.209901],[11.318501,61.209819],[11.318409,61.209727],[11.318351,61.209692],[11.318287,61.209665],[11.318234,61.209614],[11.318116,61.209573],[11.318092,61.209554],[11.318054,61.209529],[11.318018,61.209508],[11.317985,61.209488],[11.31794,61.209463],[11.317895,61.209441],[11.317845,61.209416],[11.317811,61.209401],[11.317764,61.209381],[11.317681,61.209344],[11.317624,61.209318],[11.317565,61.209291],[11.317529,61.209277],[11.317491,61.209261],[11.317432,61.209239],[11.317392,61.209227],[11.317339,61.209212],[11.317304,61.209201],[11.317249,61.209188],[11.317195,61.209172],[11.317152,61.20916],[11.317065,61.209132],[11.317005,61.209119],[11.316965,61.209116],[11.316875,61.209109],[11.316795,61.209102],[11.316684,61.209093],[11.31662,61.209088],[11.316547,61.209081],[11.316379,61.209068],[11.31622,61.20906],[11.316064,61.209057],[11.315984,61.209055],[11.315882,61.209049],[11.315712,61.209037],[11.315615,61.209033],[11.315553,61.209032],[11.315475,61.209027],[11.315386,61.209025],[11.315255,61.209015],[11.315159,61.209005],[11.315043,61.208993],[11.31495,61.208983],[11.314872,61.208972],[11.31474,61.208944],[11.31464,61.208916],[11.314541,61.208885],[11.314439,61.208847],[11.314356,61.208812],[11.314268,61.208769],[11.314199,61.208728],[11.314132,61.208675],[11.314111,61.208641],[11.314051,61.20859],[11.314003,61.208527],[11.313979,61.208473],[11.313941,61.208398],[11.313923,61.208332],[11.313897,61.208254],[11.313882,61.208186],[11.313879,61.208125],[11.313891,61.208096],[11.313876,61.208041],[11.313857,61.207978],[11.313828,61.207905],[11.313803,61.207829],[11.3138,61.207792],[11.313781,61.207746],[11.313769,61.207696],[11.313728,61.207608],[11.313694,61.207565],[11.31367,61.207528],[11.31362,61.207468],[11.313594,61.207438],[11.313565,61.207414],[11.313544,61.207388],[11.313508,61.207359],[11.313485,61.207344],[11.313435,61.207315],[11.313416,61.207305],[11.313375,61.20728],[11.313347,61.207265],[11.313309,61.207243],[11.313285,61.207231],[11.313221,61.207203],[11.313108,61.207138],[11.313055,61.207112],[11.312969,61.20707],[11.312888,61.207033],[11.312799,61.206996],[11.312644,61.206932],[11.312512,61.206876],[11.312378,61.206822],[11.312283,61.206785],[11.312154,61.206746],[11.311985,61.206698],[11.311771,61.206654],[11.311522,61.206618],[11.311316,61.206597],[11.311008,61.206572],[11.310703,61.206553],[11.310296,61.206551],[11.309902,61.206562],[11.309681,61.206586],[11.309457,61.206616],[11.309228,61.206635],[11.309011,61.206644],[11.308661,61.206636],[11.30842,61.206631],[11.308148,61.206613],[11.307967,61.206591],[11.307747,61.206556],[11.307559,61.206519],[11.30744,61.206486],[11.307316,61.206453],[11.307181,61.206411],[11.307004,61.206353],[11.306832,61.206297],[11.30668,61.206246],[11.306515,61.206192],[11.306381,61.206137],[11.306231,61.206074],[11.306085,61.206011],[11.305994,61.205953],[11.3059,61.20589],[11.305816,61.205827],[11.305733,61.205757],[11.305651,61.205686],[11.305581,61.205622],[11.305515,61.20555],[11.305481,61.205496],[11.305436,61.205428],[11.305407,61.205381],[11.305362,61.205317],[11.305291,61.205221],[11.305213,61.205128],[11.305166,61.205043],[11.305131,61.204979],[11.305094,61.204901],[11.305049,61.204831],[11.304987,61.204727],[11.304933,61.204638],[11.304878,61.204543],[11.304812,61.20443],[11.304769,61.204339],[11.304719,61.204236],[11.304679,61.204142],[11.304646,61.204069],[11.30463,61.204003],[11.304607,61.203929],[11.304591,61.203862],[11.304592,61.203811],[11.304621,61.203767],[11.30464,61.203748],[11.304646,61.203729],[11.304636,61.203687],[11.304625,61.20365],[11.304622,61.203626],[11.304617,61.203594],[11.304614,61.203565],[11.304598,61.203519],[11.304576,61.203475],[11.304563,61.203443],[11.304553,61.203423],[11.30454,61.203396],[11.304523,61.203372],[11.304482,61.20334],[11.304377,61.20329],[11.304334,61.203279],[11.304334,61.203279],[11.304301,61.203271],[11.304244,61.203255],[11.304184,61.203237],[11.304108,61.203216],[11.304041,61.203198],[11.303951,61.203174],[11.30386,61.203149],[11.303791,61.20313],[11.303718,61.203109],[11.303641,61.203087],[11.30358,61.20307],[11.303503,61.203048],[11.303418,61.203027],[11.303325,61.203007],[11.303225,61.202986],[11.303121,61.202967],[11.30299,61.202946],[11.302938,61.202936],[11.302893,61.202925],[11.302817,61.202905],[11.302743,61.202886],[11.30265,61.202858],[11.302526,61.202818],[11.302409,61.202779],[11.302278,61.202736],[11.302147,61.20269],[11.30199,61.202635],[11.301875,61.202596],[11.301787,61.202566],[11.301649,61.202522],[11.301493,61.202458],[11.301398,61.202414],[11.301333,61.202378],[11.301279,61.202323],[11.301239,61.202298],[11.301203,61.202281],[11.301172,61.202268],[11.301105,61.202243],[11.301055,61.202224],[11.300966,61.202189],[11.300933,61.202176],[11.300888,61.202161],[11.300816,61.202136],[11.300723,61.202105],[11.300568,61.202041],[11.300415,61.201969],[11.300295,61.20192],[11.300171,61.201869],[11.299987,61.201795],[11.299815,61.201726],[11.299679,61.20167],[11.299531,61.201604],[11.299375,61.201534],[11.299194,61.201459],[11.299022,61.201392],[11.298881,61.20134],[11.298771,61.201308],[11.298657,61.201264],[11.298554,61.201213],[11.298463,61.20115],[11.29833,61.201067],[11.298222,61.201002],[11.298107,61.200935],[11.298026,61.200889],[11.297954,61.200853],[11.297892,61.200825],[11.297813,61.200791],[11.297736,61.200759],[11.297667,61.200731],[11.297571,61.200694],[11.297507,61.200665],[11.297416,61.200628],[11.297257,61.200582],[11.2972,61.200589],[11.297094,61.20061],[11.296986,61.200637],[11.296872,61.200676],[11.296722,61.200737],[11.296575,61.200798],[11.296435,61.200858],[11.296288,61.200926],[11.296103,61.201012],[11.295942,61.201087],[11.295854,61.201137],[11.295777,61.201187],[11.295719,61.201234],[11.295685,61.201276],[11.295644,61.201317],[11.295604,61.201347],[11.295531,61.201359],[11.295454,61.201374],[11.295315,61.201392],[11.295199,61.201403],[11.295046,61.201408],[11.294911,61.201408],[11.294779,61.201404],[11.294734,61.201405],[11.294704,61.201416],[11.294664,61.20144],[11.294611,61.201483],[11.294572,61.201536],[11.294534,61.201605],[11.294525,61.201642],[11.294538,61.201675],[11.294577,61.201719],[11.294794,61.201868],[11.29493,61.201956],[11.295007,61.202006],[11.29508,61.202054],[11.295195,61.20212],[11.295281,61.202172],[11.295341,61.202209],[11.295406,61.202253],[11.295467,61.202311],[11.295494,61.20236],[11.295517,61.202416],[11.295525,61.202452],[11.295548,61.202512],[11.29557,61.202566],[11.295581,61.202609],[11.295595,61.202692],[11.295607,61.202789],[11.295631,61.202876],[11.295664,61.202991],[11.295681,61.2031],[11.29572,61.203214],[11.295783,61.203353],[11.295813,61.203423],[11.295823,61.203448],[11.295869,61.203496],[11.295938,61.203595],[11.295961,61.203672],[11.295992,61.203766],[11.295988,61.203868],[11.295974,61.203962],[11.295921,61.204022],[11.295861,61.204089],[11.295816,61.204172],[11.295782,61.20423],[11.29573,61.204299],[11.295686,61.204351],[11.29565,61.204392],[11.295615,61.204432],[11.295563,61.204493],[11.295542,61.204511],[11.295518,61.204529],[11.295503,61.204556],[11.295491,61.204571],[11.295475,61.204582],[11.295452,61.204601],[11.295443,61.204611],[11.295427,61.204628],[11.295416,61.204661],[11.295419,61.20468],[11.295426,61.20471],[11.29542,61.204722],[11.295394,61.204748],[11.295343,61.204787],[11.295306,61.204821],[11.295286,61.204846],[11.295258,61.204876],[11.295212,61.204907],[11.29516,61.204927],[11.295045,61.204954],[11.294975,61.20497],[11.294895,61.204989],[11.294803,61.205012],[11.294754,61.205029],[11.294712,61.20504],[11.294654,61.205077],[11.294603,61.205101],[11.294582,61.20513],[11.294557,61.205163],[11.294533,61.205225],[11.294498,61.205344],[11.294431,61.205409],[11.294295,61.205453],[11.294083,61.205476],[11.293807,61.205484],[11.293429,61.20549],[11.293179,61.2055],[11.292993,61.205528],[11.292779,61.205574],[11.292565,61.205623],[11.292345,61.205683],[11.292129,61.205755],[11.291961,61.205819],[11.291713,61.205987],[11.291587,61.20607],[11.291457,61.206148],[11.291401,61.206168],[11.291309,61.206195],[11.291227,61.206222],[11.291197,61.206237],[11.29115,61.206263],[11.29109,61.2063],[11.291006,61.206348],[11.290903,61.206398],[11.290822,61.206429],[11.290714,61.206472],[11.290637,61.206508],[11.290574,61.206545],[11.290565,61.20656],[11.290524,61.206614],[11.290462,61.206692],[11.290409,61.20675],[11.290312,61.206834],[11.290185,61.206934],[11.290076,61.207009],[11.290037,61.207045],[11.29,61.207087],[11.28994,61.207135],[11.289837,61.207198],[11.289707,61.20728],[11.289619,61.207333],[11.289519,61.207392],[11.289409,61.207429],[11.289315,61.207464],[11.289173,61.207526],[11.289072,61.207567],[11.289002,61.207588],[11.288931,61.207604],[11.288854,61.207617],[11.288783,61.20763],[11.288736,61.207649],[11.288711,61.207671],[11.288698,61.207699],[11.288672,61.207731],[11.288633,61.207759],[11.288577,61.20778],[11.288525,61.207793],[11.28841,61.207816],[11.288391,61.207822],[11.288262,61.207852],[11.288177,61.207871],[11.288142,61.207877],[11.288079,61.207887],[11.287938,61.20791],[11.287938,61.20791],[11.287773,61.207944],[11.287615,61.207976],[11.28743,61.208009],[11.287305,61.208021],[11.287253,61.208022],[11.287137,61.208017],[11.286997,61.208005],[11.286904,61.207982],[11.286766,61.207941],[11.286576,61.2079],[11.286367,61.207859],[11.286248,61.207842],[11.286132,61.207835],[11.285984,61.207838],[11.285811,61.207845],[11.285675,61.207852],[11.285564,61.20786],[11.285419,61.207868],[11.285302,61.207895],[11.285148,61.207956],[11.285012,61.208007],[11.284947,61.20805],[11.284863,61.208108],[11.284834,61.208161],[11.284801,61.208267],[11.284785,61.208357],[11.284797,61.208477],[11.284793,61.208562],[11.284774,61.208666],[11.284758,61.208772],[11.284755,61.208842],[11.284722,61.20894],[11.284635,61.209053],[11.284515,61.209163],[11.284479,61.209209],[11.284479,61.209209],[11.284312,61.209341],[11.284172,61.209426],[11.284077,61.209475],[11.284005,61.209509],[11.283876,61.209561],[11.283758,61.209595],[11.28366,61.209614],[11.283549,61.209631],[11.283427,61.209645],[11.283309,61.209658],[11.283207,61.209669],[11.283085,61.209678],[11.28299,61.209676],[11.282889,61.209676],[11.282851,61.209677],[11.28278,61.20968],[11.282714,61.209684],[11.282631,61.209689],[11.282466,61.209696],[11.282298,61.209699],[11.282161,61.209697],[11.282038,61.209695],[11.281946,61.209692],[11.281851,61.209687],[11.281722,61.209686],[11.281542,61.20969],[11.281327,61.209689],[11.281152,61.209684],[11.281008,61.209682],[11.280818,61.209677],[11.280644,61.209671],[11.280457,61.209663],[11.280336,61.209657],[11.280208,61.209653],[11.280095,61.209648],[11.279948,61.209644],[11.27983,61.209639],[11.279735,61.209633],[11.279612,61.20963],[11.279494,61.209625],[11.279446,61.209623],[11.279345,61.209621],[11.279248,61.209623],[11.279167,61.209623],[11.279092,61.209625],[11.278964,61.209628],[11.27887,61.209635],[11.278856,61.209642],[11.278802,61.209661],[11.27872,61.209681],[11.27869,61.209693],[11.27869,61.209693],[11.278636,61.209715],[11.278582,61.209741],[11.278289,61.209819],[11.278198,61.209856],[11.278125,61.209882],[11.27806,61.209903],[11.278008,61.209912],[11.277942,61.209923],[11.277893,61.209933],[11.277852,61.209943],[11.277775,61.209964],[11.277721,61.209982],[11.277653,61.210003],[11.277594,61.210019],[11.277512,61.210031],[11.277455,61.210042],[11.277406,61.210049],[11.277382,61.210053],[11.277298,61.210063],[11.277187,61.21007],[11.277137,61.210073],[11.277078,61.210078],[11.276953,61.210083],[11.276898,61.210086],[11.276873,61.210088],[11.276778,61.21009],[11.276672,61.210093],[11.276575,61.210093],[11.276483,61.210096],[11.27631,61.210091],[11.276204,61.210087],[11.276116,61.210084],[11.276027,61.210084],[11.275908,61.210083],[11.275807,61.210082],[11.275724,61.210081],[11.275646,61.21008],[11.275542,61.210078],[11.275438,61.210079],[11.2754,61.210081],[11.275353,61.210084],[11.27527,61.210083],[11.275168,61.210086],[11.275095,61.210089],[11.275039,61.210091],[11.274951,61.210096],[11.274888,61.210108],[11.274841,61.210115],[11.274784,61.210122],[11.27473,61.210129],[11.274664,61.21014],[11.274586,61.210151],[11.274485,61.210166],[11.274396,61.210184],[11.274367,61.210189],[11.274295,61.210209],[11.274276,61.210215],[11.27424,61.210226],[11.274207,61.210231],[11.274151,61.210248],[11.274081,61.210265],[11.273991,61.210283],[11.273937,61.210294],[11.273871,61.210312],[11.273834,61.210322],[11.273796,61.210336],[11.273778,61.210341],[11.273745,61.210351],[11.273691,61.21037],[11.273613,61.210395],[11.273529,61.210425],[11.273445,61.210457],[11.273391,61.210479],[11.273299,61.210518],[11.273264,61.210533],[11.273234,61.210542],[11.27318,61.210561],[11.273112,61.210585],[11.273065,61.2106],[11.272987,61.210624],[11.272931,61.210646],[11.27284,61.210682],[11.272789,61.210702],[11.272674,61.210748],[11.272627,61.210766],[11.272627,61.210766],[11.27254,61.210792],[11.272206,61.210861],[11.272157,61.210874],[11.272124,61.210881],[11.27206,61.210894],[11.272001,61.210906],[11.271935,61.210917],[11.271851,61.210932],[11.271778,61.210942],[11.271657,61.210957],[11.271587,61.210965],[11.271488,61.210975],[11.271315,61.210982],[11.271235,61.210984],[11.271084,61.210987],[11.271084,61.210987],[11.270944,61.210991],[11.270729,61.210992],[11.270628,61.210991],[11.270498,61.210989],[11.270391,61.210991],[11.270252,61.210993],[11.270112,61.210991],[11.269992,61.210991],[11.269916,61.210989],[11.269814,61.210982],[11.269713,61.210974],[11.26958,61.210955],[11.269549,61.21095],[11.26947,61.210935],[11.269359,61.210915],[11.269333,61.210911],[11.26925,61.210895],[11.26925,61.210895],[11.269179,61.210879],[11.269157,61.210873],[11.269157,61.210873],[11.269112,61.210855],[11.269095,61.210847],[11.269073,61.210834],[11.269042,61.210816],[11.269011,61.210794],[11.268985,61.21077],[11.268975,61.210758],[11.268956,61.210739],[11.268934,61.210717],[11.268917,61.210703],[11.268888,61.210689],[11.268854,61.210659],[11.268842,61.210649],[11.268808,61.210616],[11.268781,61.210567],[11.268745,61.21052],[11.268694,61.210472],[11.268648,61.210427],[11.268624,61.210399],[11.268577,61.210336],[11.268563,61.210317],[11.268498,61.210251],[11.268459,61.210219],[11.26843,61.210201],[11.268379,61.210151],[11.26835,61.210118],[11.268309,61.210089],[11.268259,61.210053],[11.268225,61.210028],[11.268199,61.210014],[11.268168,61.209995],[11.268127,61.209963],[11.268084,61.209933],[11.268,61.209885],[11.267819,61.209785],[11.267738,61.209689],[11.267531,61.209559],[11.267371,61.209471],[11.267259,61.209439],[11.267104,61.209404],[11.266876,61.209337],[11.266737,61.209288],[11.266576,61.20925],[11.266388,61.209227],[11.266175,61.209214],[11.265946,61.209203],[11.26571,61.2092],[11.265448,61.209215],[11.265207,61.20923],[11.264933,61.209249],[11.264735,61.209276],[11.2645,61.209308],[11.264203,61.209348],[11.263939,61.209378],[11.263782,61.209398],[11.263659,61.209417],[11.263494,61.209434],[11.263305,61.209441],[11.263114,61.209441],[11.262977,61.209442],[11.262825,61.20944],[11.262549,61.20944],[11.262327,61.209429],[11.262156,61.209414],[11.261957,61.209398],[11.261751,61.209375],[11.261625,61.209352],[11.261487,61.209316],[11.261321,61.209275],[11.261147,61.209235],[11.26094,61.209186],[11.26074,61.209136],[11.260519,61.209071],[11.260328,61.209006],[11.260216,61.208952],[11.260096,61.208906],[11.259949,61.208858],[11.259806,61.208811],[11.25966,61.208755],[11.259545,61.208701],[11.259428,61.208649],[11.259288,61.208601],[11.259114,61.208542],[11.258956,61.208488],[11.258733,61.208432],[11.258555,61.208399],[11.258312,61.208356],[11.258142,61.208344],[11.25792,61.208359],[11.257777,61.208394],[11.257651,61.208456],[11.257497,61.20852],[11.257266,61.208576],[11.257031,61.208616],[11.256871,61.20864],[11.256692,61.208664],[11.256466,61.208687],[11.256242,61.208703],[11.255977,61.208713],[11.255332,61.208713],[11.255143,61.208719],[11.25494,61.208731],[11.254775,61.208733],[11.254522,61.208736],[11.254153,61.208739],[11.253716,61.208724],[11.252051,61.208623],[11.251117,61.208407],[11.250711,61.208253],[11.250208,61.208244],[11.249107,61.20836],[11.248552,61.20837],[11.247932,61.208327],[11.247045,61.208162],[11.245636,61.207836],[11.244578,61.207574],[11.243877,61.207321],[11.243476,61.207161],[11.242733,61.207011],[11.241599,61.206929],[11.240168,61.206862],[11.239464,61.206729],[11.238889,61.206604],[11.238249,61.206313],[11.237761,61.205893],[11.237208,61.205183],[11.236773,61.204905],[11.236037,61.20464],[11.235304,61.204492],[11.23369,61.204382],[11.232703,61.204414],[11.23419,61.203352],[11.234726,61.202957],[11.231333,61.202764],[11.226659,61.202318],[11.225656,61.202185],[11.227608,61.20123],[11.228267,61.200873],[11.22874,61.200189],[11.228553,61.199391],[11.22879,61.199057],[11.229841,61.198709],[11.230717,61.198427],[11.231451,61.197987],[11.231926,61.197555],[11.232434,61.197373],[11.233105,61.197189],[11.233852,61.196926],[11.234463,61.196578],[11.234941,61.196436],[11.236083,61.196236],[11.236624,61.196047],[11.237934,61.195459],[11.238727,61.195155],[11.239697,61.195061],[11.240322,61.194917],[11.240961,61.194277],[11.241539,61.19393],[11.242286,61.193666],[11.244694,61.193178],[11.246685,61.192548],[11.247443,61.191985],[11.248443,61.191622],[11.248912,61.191355],[11.249214,61.19124],[11.250094,61.191021],[11.251014,61.190684],[11.252029,61.190069],[11.252677,61.189799],[11.253262,61.189318],[11.254165,61.188973],[11.254727,61.188853],[11.255665,61.188767],[11.256414,61.18877],[11.256647,61.188829],[11.257339,61.188943],[11.257825,61.18892],[11.258308,61.188841],[11.258883,61.188682],[11.259558,61.188553],[11.260787,61.18843],[11.261826,61.188169],[11.262812,61.187838],[11.263657,61.187352],[11.264959,61.186434],[11.265783,61.186122],[11.268534,61.185317],[11.270393,61.184457],[11.270878,61.184398],[11.272092,61.184197],[11.273733,61.183804],[11.274403,61.183616],[11.275086,61.18338],[11.276481,61.182743],[11.2772,61.182657],[11.277747,61.182565],[11.278739,61.181994],[11.279849,61.181579],[11.280442,61.181223],[11.280767,61.180993],[11.281677,61.180738],[11.282924,61.180544],[11.285478,61.180061],[11.287738,61.179571],[11.288767,61.182222],[11.288767,61.183004],[11.289177,61.183548],[11.291922,61.182713],[11.293568,61.182328],[11.295364,61.181891],[11.297715,61.181533],[11.298731,61.181406],[11.299986,61.181125],[11.301863,61.180661],[11.304229,61.179499],[11.305174,61.178863],[11.305446,61.178683],[11.306561,61.177841],[11.307319,61.177248],[11.307851,61.177023],[11.309357,61.17624],[11.311483,61.175504],[11.31262,61.175016],[11.313359,61.174703],[11.314513,61.174197],[11.315263,61.173908],[11.316887,61.173175],[11.318352,61.172629],[11.319133,61.172215],[11.320989,61.171014],[11.323235,61.169721],[11.324444,61.169209],[11.324859,61.168985],[11.324924,61.168943],[11.325917,61.169624],[11.327025,61.171249],[11.327878,61.171825],[11.328631,61.172047],[11.329969,61.172003],[11.331072,61.171564],[11.333997,61.17052],[11.336498,61.170041],[11.338793,61.170305],[11.338668,61.169505],[11.337771,61.169394],[11.338404,61.168758],[11.339215,61.168946],[11.340685,61.168662],[11.34085,61.168425],[11.34193,61.16852],[11.341299,61.169188],[11.341202,61.169991],[11.340351,61.169981],[11.340257,61.170121],[11.339051,61.170079],[11.339061,61.171273],[11.341699,61.171751],[11.340664,61.173499],[11.339359,61.174766],[11.337904,61.176307],[11.33704,61.177534],[11.336324,61.178822],[11.335258,61.180849],[11.334756,61.18291],[11.334815,61.186882],[11.334774,61.188095],[11.334857,61.189571],[11.334864,61.19144],[11.334745,61.192301],[11.334927,61.193871],[11.334381,61.196583],[11.333357,61.199452],[11.332462,61.202208],[11.331602,61.205456],[11.331182,61.206499],[11.33033,61.207727],[11.328671,61.209349],[11.327917,61.21033],[11.32745,61.212004],[11.327792,61.212639],[11.328723,61.212644],[11.328632,61.212411],[11.328649,61.211649],[11.328851,61.210983],[11.329564,61.209846],[11.330951,61.208242],[11.331792,61.207245],[11.332323,61.206054],[11.332917,61.204108],[11.333595,61.201704],[11.334874,61.197852],[11.335683,61.195233],[11.335789,61.194277],[11.335819,61.191885],[11.335725,61.185835],[11.335776,61.18414],[11.335898,61.182202],[11.336735,61.179568],[11.337841,61.177384],[11.338932,61.176184],[11.34001,61.175211],[11.34094,61.174241],[11.341684,61.173146],[11.342841,61.171247],[11.350413,61.172383],[11.35194,61.170719],[11.352637,61.168984],[11.35329,61.167347],[11.352324,61.167364],[11.349931,61.168947],[11.348137,61.171554],[11.344363,61.171089],[11.349835,61.167306],[11.350116,61.165811],[11.348333,61.1654],[11.349904,61.164347],[11.351543,61.163009],[11.35184,61.161452],[11.35177,61.159332],[11.351641,61.157996],[11.352076,61.157105],[11.353172,61.156389],[11.356188,61.15502],[11.358424,61.15416],[11.359885,61.153427],[11.361658,61.152439],[11.364001,61.151074],[11.365528,61.150594],[11.366846,61.149693],[11.368347,61.147747],[11.370416,61.147812],[11.369708,61.148481],[11.368449,61.149109],[11.366972,61.149981],[11.366771,61.150947]]]}},{"type":"Feature","properties":{"feltnummer":8,"jaktlag":"Henri Knackstedt (Hemmelnesset)","areal_da":27900,"kontakt_navn":"Henri Knackstedt","kontakt_epost":"henri.knackstedt@hotmail.com","kontakt_tlf":"41401575"},"geometry":{"type":"Polygon","coordinates":[[[11.127398,61.193253],[11.127919,61.19391],[11.129064,61.193902],[11.129674,61.193978],[11.130565,61.193909],[11.130993,61.193776],[11.131379,61.193619],[11.13243,61.193306],[11.132782,61.193265],[11.133063,61.193261],[11.13342,61.193301],[11.134066,61.193466],[11.134289,61.193528],[11.134982,61.193603],[11.135702,61.193632],[11.136498,61.193684],[11.137558,61.193658],[11.138372,61.193836],[11.139171,61.194095],[11.139715,61.194438],[11.140062,61.194483],[11.140619,61.194554],[11.140769,61.194622],[11.141258,61.194755],[11.141602,61.194911],[11.142073,61.19526],[11.142243,61.195454],[11.142505,61.195641],[11.142901,61.195795],[11.143049,61.195974],[11.143107,61.196219],[11.143189,61.196349],[11.143276,61.196408],[11.143843,61.196771],[11.144062,61.196938],[11.144192,61.197001],[11.144378,61.197139],[11.144557,61.197312],[11.1446,61.197487],[11.144625,61.197713],[11.144747,61.197973],[11.144789,61.198128],[11.145251,61.198327],[11.145793,61.19864],[11.146144,61.198906],[11.146445,61.199042],[11.146929,61.199265],[11.147608,61.199446],[11.148133,61.199648],[11.148803,61.200005],[11.149333,61.200132],[11.149923,61.200233],[11.150453,61.200376],[11.151203,61.200515],[11.151729,61.200592],[11.152391,61.200672],[11.152833,61.20074],[11.153253,61.200628],[11.153557,61.200502],[11.153999,61.200425],[11.154512,61.200452],[11.155206,61.200396],[11.15629,61.200409],[11.156974,61.200508],[11.157824,61.200746],[11.158922,61.20095],[11.159956,61.201144],[11.160497,61.201437],[11.161301,61.201611],[11.161654,61.201746],[11.162035,61.20184],[11.162282,61.202093],[11.1627,61.202262],[11.162862,61.20234],[11.16326,61.202379],[11.163685,61.202191],[11.164207,61.202052],[11.164744,61.201983],[11.165108,61.201982],[11.165999,61.202209],[11.166871,61.202165],[11.167466,61.202171],[11.168083,61.202211],[11.16852,61.202199],[11.169025,61.202121],[11.170215,61.202157],[11.171216,61.202156],[11.172587,61.202104],[11.172883,61.202159],[11.173545,61.202234],[11.174149,61.202084],[11.174572,61.202017],[11.174946,61.202006],[11.175459,61.202043],[11.175924,61.202141],[11.176125,61.202183],[11.176436,61.202153],[11.176712,61.202239],[11.17692,61.202381],[11.177474,61.20293],[11.176675,61.203078],[11.175877,61.203161],[11.174637,61.203674],[11.174241,61.203984],[11.173359,61.204655],[11.172731,61.204939],[11.171668,61.205532],[11.170697,61.205942],[11.170257,61.206186],[11.169475,61.206458],[11.168283,61.206769],[11.167532,61.207085],[11.167063,61.207498],[11.166575,61.208084],[11.165725,61.208604],[11.165469,61.20885],[11.165028,61.2094],[11.164873,61.209747],[11.164886,61.21016],[11.164837,61.210253],[11.164828,61.210281],[11.164772,61.210413],[11.164738,61.210471],[11.164685,61.210539],[11.164644,61.210617],[11.164566,61.210746],[11.16447,61.210903],[11.164392,61.211001],[11.164306,61.211106],[11.164217,61.211249],[11.164172,61.211345],[11.164102,61.211538],[11.164082,61.211593],[11.164069,61.21162],[11.164064,61.211644],[11.164058,61.211695],[11.164057,61.21175],[11.164044,61.211805],[11.164029,61.211868],[11.164025,61.211887],[11.164023,61.211911],[11.163969,61.212063],[11.163933,61.212134],[11.16391,61.212166],[11.16388,61.212195],[11.16384,61.212226],[11.163764,61.212302],[11.163699,61.212372],[11.16359,61.212459],[11.163516,61.212541],[11.163437,61.212631],[11.163375,61.212703],[11.163285,61.212827],[11.163212,61.21294],[11.163155,61.213057],[11.163127,61.213178],[11.163125,61.213303],[11.163186,61.213423],[11.163238,61.213508],[11.163272,61.213583],[11.163318,61.21371],[11.163335,61.213745],[11.163367,61.213838],[11.163402,61.213891],[11.163407,61.213921],[11.163424,61.213965],[11.163422,61.213979],[11.163405,61.214037],[11.163382,61.214064],[11.163371,61.214108],[11.163331,61.214134],[11.163221,61.214201],[11.163177,61.214228],[11.162856,61.214372],[11.162709,61.214456],[11.162618,61.214509],[11.162547,61.214545],[11.162491,61.214563],[11.162336,61.214596],[11.162298,61.214602],[11.162202,61.214617],[11.162176,61.214622],[11.162018,61.214657],[11.161856,61.214701],[11.161668,61.214759],[11.161576,61.214787],[11.161431,61.214856],[11.161394,61.214873],[11.161337,61.214894],[11.161316,61.214902],[11.161254,61.214953],[11.161192,61.215059],[11.161114,61.215164],[11.161042,61.215238],[11.161026,61.215253],[11.160962,61.215361],[11.160935,61.215451],[11.160987,61.215539],[11.161001,61.215564],[11.161017,61.215646],[11.161025,61.215703],[11.161093,61.215777],[11.161099,61.215808],[11.161096,61.215821],[11.161107,61.215886],[11.161136,61.216005],[11.161136,61.216048],[11.16114,61.216088],[11.161138,61.216128],[11.161139,61.216147],[11.161134,61.216167],[11.161127,61.216179],[11.16112,61.216193],[11.161081,61.216224],[11.16106,61.21624],[11.161051,61.216247],[11.160986,61.21631],[11.16097,61.216324],[11.160866,61.216363],[11.160775,61.216382],[11.160685,61.216386],[11.160501,61.216431],[11.160362,61.216456],[11.160244,61.216475],[11.160143,61.216496],[11.160012,61.216542],[11.15992,61.216583],[11.159831,61.216611],[11.159775,61.216636],[11.159707,61.216672],[11.159651,61.216713],[11.159624,61.216761],[11.159602,61.216827],[11.15953,61.216901],[11.159484,61.216965],[11.159468,61.216977],[11.159386,61.217037],[11.159358,61.217061],[11.15933,61.217081],[11.15927,61.217128],[11.159202,61.217174],[11.159156,61.217225],[11.1591,61.217295],[11.159059,61.217327],[11.159015,61.217399],[11.158976,61.217474],[11.158966,61.217518],[11.158966,61.217538],[11.158965,61.217613],[11.158972,61.217714],[11.159005,61.217826],[11.159071,61.217939],[11.159135,61.218036],[11.159179,61.218112],[11.159213,61.218178],[11.159259,61.218224],[11.159295,61.218262],[11.159346,61.218322],[11.159332,61.218342],[11.159371,61.218392],[11.159388,61.218409],[11.159472,61.218467],[11.159575,61.218527],[11.159695,61.218594],[11.159788,61.218642],[11.159969,61.218739],[11.160084,61.218804],[11.160187,61.21886],[11.160247,61.21889],[11.160316,61.218927],[11.160359,61.218944],[11.160392,61.218963],[11.160445,61.218985],[11.160459,61.219002],[11.160471,61.219008],[11.160483,61.219024],[11.160488,61.219033],[11.16056,61.219078],[11.160615,61.219119],[11.160656,61.21916],[11.160676,61.219205],[11.160677,61.219232],[11.160673,61.219248],[11.160692,61.219274],[11.16069,61.219285],[11.160674,61.21932],[11.160663,61.219343],[11.160655,61.219347],[11.160654,61.219376],[11.160682,61.219488],[11.160661,61.219608],[11.160623,61.21971],[11.160551,61.219782],[11.160503,61.219844],[11.16045,61.219917],[11.160366,61.219982],[11.160306,61.220043],[11.160274,61.220105],[11.160205,61.220186],[11.160205,61.220186],[11.160135,61.22025],[11.16008,61.220317],[11.160029,61.22037],[11.159901,61.220482],[11.159887,61.220487],[11.159799,61.22067],[11.1598,61.220767],[11.159812,61.220857],[11.159825,61.220919],[11.159845,61.221081],[11.159934,61.22131],[11.159989,61.22144],[11.16006,61.221567],[11.160119,61.221674],[11.160163,61.221749],[11.160196,61.221863],[11.160207,61.221915],[11.160266,61.222008],[11.160333,61.222094],[11.160399,61.222151],[11.160491,61.22251],[11.160481,61.222731],[11.160412,61.222817],[11.16033,61.222876],[11.160287,61.222924],[11.160236,61.223],[11.160202,61.223071],[11.16015,61.223153],[11.160125,61.223199],[11.160116,61.223268],[11.160117,61.223317],[11.160116,61.223368],[11.160107,61.223407],[11.160104,61.223485],[11.160131,61.223526],[11.160123,61.223594],[11.160082,61.223668],[11.160052,61.223719],[11.159921,61.223833],[11.159752,61.224043],[11.159687,61.224104],[11.159629,61.224145],[11.159535,61.224209],[11.159458,61.224265],[11.159416,61.224288],[11.159306,61.224363],[11.159209,61.224434],[11.159141,61.224479],[11.159062,61.224536],[11.159015,61.224568],[11.158926,61.224618],[11.158838,61.22468],[11.158729,61.224771],[11.15863,61.224823],[11.158485,61.224888],[11.158431,61.224911],[11.158302,61.224968],[11.158171,61.225016],[11.158042,61.225063],[11.157945,61.225095],[11.157844,61.22512],[11.15779,61.225133],[11.157743,61.22515],[11.157605,61.225215],[11.157544,61.225244],[11.157505,61.22527],[11.15743,61.225349],[11.157364,61.225456],[11.157323,61.225536],[11.157296,61.225608],[11.157275,61.225635],[11.157256,61.225707],[11.157262,61.225764],[11.157266,61.225775],[11.157251,61.225808],[11.157227,61.225829],[11.157214,61.225892],[11.157201,61.225925],[11.157187,61.225951],[11.157171,61.226072],[11.157193,61.226133],[11.157242,61.226201],[11.157276,61.22626],[11.157313,61.226321],[11.157388,61.226389],[11.157474,61.226435],[11.157591,61.226496],[11.157696,61.226557],[11.157823,61.226621],[11.157947,61.226682],[11.158067,61.226751],[11.158131,61.226788],[11.158179,61.226826],[11.158203,61.227042],[11.158201,61.22709],[11.158214,61.227148],[11.158204,61.227212],[11.158179,61.22726],[11.158156,61.2273],[11.15814,61.22734],[11.158101,61.227374],[11.158111,61.227397],[11.158051,61.227472],[11.158009,61.227517],[11.157952,61.227597],[11.157885,61.227681],[11.157852,61.227716],[11.157803,61.227753],[11.157764,61.227809],[11.15775,61.227818],[11.157713,61.227859],[11.157671,61.227987],[11.157657,61.228001],[11.157646,61.22805],[11.157641,61.228137],[11.157654,61.228203],[11.157645,61.228304],[11.157655,61.22838],[11.157647,61.228437],[11.157672,61.228513],[11.157695,61.228582],[11.157696,61.228653],[11.157688,61.228714],[11.157688,61.228792],[11.157694,61.228858],[11.157669,61.228926],[11.157639,61.22898],[11.157626,61.229003],[11.157607,61.229025],[11.157557,61.229102],[11.1575,61.229245],[11.157453,61.229341],[11.157397,61.229492],[11.157386,61.229574],[11.157372,61.229655],[11.157341,61.229746],[11.157316,61.229821],[11.157308,61.229895],[11.15732,61.230014],[11.15734,61.230081],[11.15737,61.230153],[11.157393,61.230251],[11.157421,61.230314],[11.157459,61.230361],[11.157552,61.230477],[11.157608,61.230595],[11.15765,61.230677],[11.157673,61.230755],[11.157699,61.230861],[11.157761,61.23099],[11.157786,61.231059],[11.157808,61.231118],[11.157818,61.231135],[11.157812,61.231159],[11.157807,61.231172],[11.157825,61.231226],[11.157865,61.231352],[11.157914,61.231448],[11.157942,61.23153],[11.157967,61.231589],[11.157992,61.231637],[11.158005,61.231691],[11.158007,61.23172],[11.15804,61.231751],[11.158054,61.231775],[11.158054,61.231775],[11.158057,61.231816],[11.158062,61.231864],[11.158088,61.231896],[11.158122,61.231928],[11.158174,61.231985],[11.158194,61.232025],[11.158198,61.23207],[11.158213,61.232155],[11.158235,61.232193],[11.158249,61.232216],[11.158269,61.232303],[11.158251,61.232383],[11.158199,61.232456],[11.158096,61.232566],[11.158018,61.232626],[11.157906,61.232747],[11.157481,61.232922],[11.157217,61.233003],[11.157082,61.23307],[11.156943,61.233119],[11.156632,61.233252],[11.156507,61.233313],[11.156385,61.23339],[11.156267,61.233449],[11.156142,61.233504],[11.15601,61.233559],[11.155833,61.23364],[11.15563,61.233718],[11.155446,61.233785],[11.155262,61.233854],[11.155159,61.233913],[11.155065,61.233949],[11.154916,61.234004],[11.154751,61.234073],[11.154649,61.234103],[11.154527,61.234136],[11.154427,61.234161],[11.154328,61.234189],[11.154149,61.234244],[11.153989,61.23431],[11.153824,61.234394],[11.153663,61.234458],[11.153545,61.234512],[11.15346,61.234542],[11.153406,61.234577],[11.153355,61.234639],[11.153325,61.23469],[11.153308,61.234702],[11.153294,61.23472],[11.153265,61.234718],[11.153247,61.23473],[11.153237,61.234736],[11.153242,61.234746],[11.153237,61.234756],[11.15324,61.23477],[11.153207,61.234804],[11.153172,61.23483],[11.153118,61.234869],[11.153099,61.234888],[11.153028,61.234963],[11.15296,61.235029],[11.152911,61.235092],[11.152848,61.235174],[11.152792,61.235249],[11.152735,61.235322],[11.152677,61.235398],[11.152607,61.235504],[11.152532,61.235593],[11.152449,61.235677],[11.152337,61.235781],[11.152271,61.235855],[11.152219,61.235938],[11.152166,61.236014],[11.152121,61.236089],[11.152098,61.23614],[11.152075,61.236184],[11.152061,61.236235],[11.152045,61.236299],[11.152048,61.236342],[11.15205,61.236395],[11.152046,61.236467],[11.152047,61.236546],[11.152071,61.236621],[11.152076,61.236637],[11.152078,61.236671],[11.152107,61.236717],[11.15215,61.236775],[11.152174,61.23681],[11.152207,61.236847],[11.152307,61.236934],[11.152357,61.23696],[11.152424,61.23699],[11.152464,61.237019],[11.152495,61.237047],[11.152531,61.237108],[11.152572,61.237213],[11.152598,61.237259],[11.152653,61.237312],[11.152717,61.237365],[11.15271,61.237369],[11.15272,61.237395],[11.152736,61.237577],[11.152736,61.237642],[11.152751,61.237711],[11.152761,61.23777],[11.152773,61.237843],[11.152783,61.23792],[11.15281,61.237991],[11.152832,61.238078],[11.15286,61.238129],[11.152896,61.238187],[11.152943,61.238252],[11.152941,61.238292],[11.152935,61.238345],[11.152922,61.238374],[11.152903,61.238389],[11.152856,61.238413],[11.152787,61.238454],[11.152684,61.238516],[11.152649,61.238532],[11.152611,61.238551],[11.152566,61.238558],[11.152556,61.238567],[11.152485,61.23861],[11.152403,61.238649],[11.152316,61.238685],[11.152238,61.238724],[11.152179,61.238771],[11.152123,61.238834],[11.152059,61.238877],[11.152012,61.23891],[11.151998,61.238957],[11.15198,61.238973],[11.151956,61.239],[11.151912,61.239068],[11.151879,61.239128],[11.151856,61.23917],[11.151842,61.239209],[11.151844,61.239262],[11.151843,61.23932],[11.151863,61.239362],[11.151929,61.239507],[11.151958,61.239583],[11.151978,61.239648],[11.151999,61.239724],[11.152004,61.239755],[11.151991,61.239872],[11.151972,61.239919],[11.151933,61.239977],[11.151858,61.240072],[11.151829,61.240098],[11.15178,61.240138],[11.151736,61.240169],[11.151707,61.240204],[11.15167,61.240238],[11.151639,61.240245],[11.151603,61.240261],[11.151575,61.240283],[11.151554,61.240312],[11.151414,61.240423],[11.151325,61.240579],[11.151311,61.24082],[11.151343,61.24087],[11.151367,61.240945],[11.151446,61.241026],[11.151536,61.241098],[11.151639,61.241164],[11.151734,61.241214],[11.151805,61.241259],[11.151865,61.241309],[11.15191,61.241351],[11.151946,61.241396],[11.151972,61.241438],[11.15197,61.241501],[11.15194,61.241543],[11.151916,61.24156],[11.15185,61.241573],[11.151788,61.241584],[11.151706,61.241608],[11.151706,61.241608],[11.151484,61.24168],[11.151437,61.241699],[11.151397,61.241713],[11.151383,61.241715],[11.151236,61.241765],[11.151166,61.241811],[11.151112,61.241868],[11.151067,61.241919],[11.151037,61.241957],[11.151008,61.242008],[11.151,61.242072],[11.151,61.242116],[11.15105,61.242149],[11.151081,61.242173],[11.151126,61.24221],[11.151212,61.24228],[11.151283,61.242335],[11.151342,61.242372],[11.151437,61.242412],[11.151563,61.242448],[11.151644,61.242475],[11.151724,61.242507],[11.151824,61.242545],[11.151871,61.242565],[11.1519,61.242599],[11.151897,61.242643],[11.151898,61.24271],[11.151887,61.242769],[11.151885,61.242868],[11.151915,61.243057],[11.15195,61.243271],[11.15197,61.243328],[11.152015,61.243407],[11.152061,61.243488],[11.15222,61.243859],[11.152239,61.243892],[11.152296,61.243958],[11.152363,61.244029],[11.152517,61.244138],[11.152634,61.244227],[11.152803,61.244334],[11.152896,61.244399],[11.152946,61.244439],[11.152986,61.244482],[11.153067,61.244557],[11.153158,61.24464],[11.153215,61.244692],[11.153251,61.244732],[11.153322,61.244789],[11.153353,61.244806],[11.153453,61.24487],[11.153567,61.244939],[11.153678,61.245],[11.15379,61.245055],[11.15389,61.245096],[11.15398,61.245137],[11.154049,61.245176],[11.154109,61.245221],[11.154156,61.245264],[11.154209,61.245329],[11.154209,61.245329],[11.154257,61.245391],[11.15429,61.245446],[11.1543,61.24548],[11.154312,61.245517],[11.154341,61.245569],[11.154372,61.245634],[11.154401,61.245689],[11.154437,61.245753],[11.154461,61.245806],[11.154485,61.245855],[11.154495,61.245891],[11.154504,61.24594],[11.154502,61.245977],[11.154505,61.246009],[11.154498,61.246055],[11.154475,61.246078],[11.154435,61.246111],[11.154418,61.246138],[11.154395,61.246166],[11.154348,61.246196],[11.15426,61.246243],[11.154114,61.246301],[11.154048,61.246332],[11.15393,61.24638],[11.153798,61.246421],[11.153751,61.246436],[11.153692,61.246458],[11.153659,61.246476],[11.153588,61.246519],[11.153541,61.246546],[11.153459,61.246578],[11.153402,61.246594],[11.153341,61.246616],[11.153244,61.246665],[11.153171,61.246698],[11.153088,61.246724],[11.153088,61.246724],[11.152958,61.246756],[11.15289,61.246774],[11.152722,61.246815],[11.152554,61.246852],[11.15249,61.246867],[11.152394,61.24689],[11.152301,61.246921],[11.152257,61.246932],[11.152181,61.246962],[11.152148,61.24697],[11.152091,61.246983],[11.152051,61.246993],[11.152014,61.247014],[11.151985,61.247035],[11.15195,61.247061],[11.151915,61.247083],[11.151886,61.247096],[11.151851,61.247112],[11.151766,61.24714],[11.151724,61.247164],[11.151686,61.247185],[11.151608,61.247232],[11.151568,61.247258],[11.15153,61.247278],[11.15149,61.247304],[11.151439,61.247327],[11.151365,61.247353],[11.151309,61.247376],[11.151257,61.247403],[11.151217,61.247428],[11.151177,61.247462],[11.15113,61.247503],[11.151045,61.247556],[11.150995,61.247583],[11.150958,61.247624],[11.150899,61.247669],[11.150857,61.247704],[11.150798,61.247767],[11.150784,61.247803],[11.150766,61.247851],[11.150747,61.247893],[11.150733,61.247922],[11.150728,61.247946],[11.150729,61.247964],[11.150731,61.247975],[11.150738,61.247983],[11.150738,61.248003],[11.150736,61.248035],[11.150734,61.248098],[11.150734,61.24812],[11.150725,61.248171],[11.150728,61.248191],[11.150723,61.248234],[11.150714,61.248264],[11.15071,61.248287],[11.15071,61.248287],[11.150717,61.24832],[11.150717,61.248335],[11.150715,61.248344],[11.15071,61.248352],[11.150689,61.248381],[11.150682,61.248399],[11.150666,61.248421],[11.150654,61.24844],[11.150628,61.248467],[11.150617,61.248491],[11.150607,61.248522],[11.1506,61.248537],[11.150596,61.248556],[11.150579,61.248599],[11.150575,61.248615],[11.15058,61.248647],[11.150582,61.248661],[11.150594,61.248685],[11.150616,61.248703],[11.150654,61.248729],[11.150654,61.248729],[11.150694,61.248751],[11.150744,61.248772],[11.150784,61.248793],[11.150825,61.24882],[11.150889,61.24886],[11.150927,61.248881],[11.15097,61.248903],[11.151015,61.248921],[11.151065,61.248934],[11.151124,61.248943],[11.151148,61.248945],[11.151169,61.248953],[11.151259,61.248988],[11.151325,61.249005],[11.151375,61.249017],[11.151413,61.249023],[11.151451,61.249045],[11.151475,61.249063],[11.151558,61.249115],[11.151582,61.249132],[11.151618,61.249177],[11.15163,61.249219],[11.151656,61.249268],[11.151676,61.249298],[11.151704,61.249359],[11.15175,61.249479],[11.151765,61.249527],[11.151758,61.249547],[11.151732,61.249573],[11.151735,61.249605],[11.15174,61.249646],[11.15174,61.249674],[11.151738,61.249701],[11.151724,61.249767],[11.151724,61.249791],[11.151729,61.249817],[11.151746,61.249861],[11.151763,61.249902],[11.151808,61.249974],[11.151835,61.250013],[11.15184,61.25004],[11.15184,61.250069],[11.151857,61.250088],[11.151861,61.250092],[11.151862,61.250112],[11.151855,61.25013],[11.151848,61.250151],[11.15186,61.250206],[11.151863,61.250251],[11.15187,61.250306],[11.15187,61.250306],[11.15187,61.250349],[11.151861,61.250373],[11.151838,61.250417],[11.151838,61.250417],[11.151855,61.250453],[11.151864,61.250495],[11.151864,61.250495],[11.151884,61.250541],[11.151891,61.250585],[11.151901,61.250639],[11.151925,61.250689],[11.151947,61.250728],[11.151947,61.250728],[11.151985,61.250799],[11.15199,61.250822],[11.152036,61.250893],[11.152043,61.250907],[11.152045,61.250933],[11.152033,61.250942],[11.152038,61.250965],[11.152038,61.250965],[11.152081,61.251032],[11.152081,61.251032],[11.152089,61.251064],[11.152084,61.251113],[11.152084,61.251113],[11.152089,61.251156],[11.152106,61.251195],[11.152123,61.251241],[11.152128,61.251276],[11.152136,61.251311],[11.152145,61.251334],[11.15215,61.251359],[11.152162,61.251399],[11.152165,61.251429],[11.152184,61.251497],[11.152199,61.251569],[11.152214,61.251596],[11.152223,61.251605],[11.152228,61.251632],[11.152223,61.25166],[11.152224,61.251698],[11.152245,61.251749],[11.152245,61.251749],[11.152246,61.251791],[11.152246,61.251824],[11.152249,61.251854],[11.152249,61.25189],[11.152252,61.25194],[11.152264,61.251988],[11.152259,61.252014],[11.152259,61.252014],[11.152255,61.252055],[11.152222,61.252107],[11.15218,61.252165],[11.152135,61.252227],[11.152117,61.252236],[11.152102,61.252253],[11.152067,61.252291],[11.152051,61.252317],[11.15202,61.252359],[11.151985,61.252416],[11.151955,61.25247],[11.151932,61.252523],[11.151918,61.252552],[11.151894,61.252578],[11.15187,61.252591],[11.151868,61.252595],[11.151843,61.252653],[11.151805,61.252694],[11.151777,61.25274],[11.151766,61.252772],[11.151752,61.25281],[11.151737,61.252829],[11.151724,61.252861],[11.151705,61.252896],[11.151681,61.252925],[11.15166,61.25294],[11.151639,61.252979],[11.151632,61.253008],[11.151602,61.253071],[11.151586,61.253094],[11.151539,61.25316],[11.15152,61.253184],[11.151508,61.253201],[11.151501,61.253216],[11.151499,61.253239],[11.151495,61.253278],[11.151459,61.253315],[11.151421,61.253425],[11.151409,61.253493],[11.151396,61.253514],[11.151389,61.253533],[11.151385,61.253547],[11.151385,61.253564],[11.151381,61.253575],[11.151381,61.253598],[11.151389,61.253627],[11.151401,61.253659],[11.151331,61.253663],[11.15113,61.253656],[11.14533,61.25339],[11.143203,61.253304],[11.141835,61.253237],[11.137254,61.253041],[11.135228,61.25295],[11.128755,61.252344],[11.093036,61.250328],[11.078199,61.249578],[11.061265,61.248685],[11.032365,61.247155],[11.034756,61.245548],[11.035359,61.244335],[11.035593,61.243608],[11.036235,61.242574],[11.036561,61.241667],[11.037034,61.240544],[11.037805,61.239403],[11.038839,61.238548],[11.03945,61.238169],[11.04049,61.237898],[11.041979,61.237822],[11.044206,61.23709],[11.045915,61.236646],[11.048179,61.236004],[11.050388,61.235343],[11.051633,61.235026],[11.052429,61.234612],[11.05291,61.234368],[11.05376,61.233702],[11.055894,61.233077],[11.057009,61.232805],[11.058215,61.23247],[11.059924,61.232062],[11.061019,61.231728],[11.062354,61.231285],[11.064696,61.230893],[11.064333,61.230014],[11.064829,61.229421],[11.065341,61.228558],[11.065341,61.228558],[11.06634,61.228053],[11.067622,61.227771],[11.06812,61.227375],[11.068317,61.226621],[11.067978,61.226308],[11.068492,61.225615],[11.068113,61.225051],[11.068444,61.224637],[11.069095,61.224609],[11.06967,61.224437],[11.071474,61.224297],[11.072919,61.223728],[11.07366,61.223421],[11.074374,61.222298],[11.074985,61.222072],[11.075313,61.221425],[11.075313,61.221425],[11.07562,61.220536],[11.076064,61.22031],[11.076641,61.220344],[11.077308,61.220029],[11.078419,61.219604],[11.078699,61.219648],[11.079937,61.2189],[11.080677,61.218467],[11.081936,61.217899],[11.082436,61.217664],[11.083529,61.217257],[11.08403,61.217112],[11.084751,61.216724],[11.085467,61.215915],[11.085467,61.215915],[11.08637,61.215087],[11.086698,61.214485],[11.087513,61.214195],[11.087513,61.214195],[11.089253,61.213383],[11.090327,61.212967],[11.091345,61.212516],[11.092157,61.211966],[11.09217,61.211463],[11.092688,61.211166],[11.093057,61.210914],[11.094241,61.210381],[11.095039,61.210199],[11.097231,61.209915],[11.098105,61.209912],[11.099331,61.209757],[11.100073,61.209521],[11.101018,61.209213],[11.101018,61.209213],[11.101658,61.208314],[11.102154,61.207765],[11.102651,61.207342],[11.10326,61.206892],[11.10326,61.206892],[11.10349,61.206316],[11.104073,61.20598],[11.105559,61.205473],[11.105715,61.205359],[11.106453,61.205167],[11.107273,61.204848],[11.107918,61.20456],[11.108472,61.204238],[11.108093,61.203654],[11.108129,61.203311],[11.108396,61.202894],[11.109139,61.202086],[11.109696,61.201813],[11.111373,61.201289],[11.112548,61.20078],[11.113719,61.199978],[11.114125,61.199659],[11.114627,61.199224],[11.116,61.198583],[11.116596,61.198218],[11.116859,61.197751],[11.117333,61.19711],[11.119292,61.196638],[11.12038,61.196358],[11.122563,61.195704],[11.123286,61.195273],[11.123737,61.194953],[11.124194,61.194737],[11.12439,61.194571],[11.125738,61.194222],[11.126526,61.193775],[11.127398,61.193253]]]}},{"type":"Feature","properties":{"feltnummer":9,"jaktlag":"Tore Hartz","areal_da":11621,"kontakt_navn":"Tore Hartz","kontakt_epost":"thartz@online.no","kontakt_tlf":"95022330"},"geometry":{"type":"Polygon","coordinates":[[[11.183272,61.200154],[11.18286,61.200459],[11.182889,61.200523],[11.18274,61.200588],[11.182135,61.200725],[11.181875,61.200753],[11.18151,61.2009],[11.181083,61.201137],[11.180687,61.201225],[11.18021,61.2013],[11.1801,61.201361],[11.180018,61.201405],[11.17966,61.20182],[11.179392,61.202142],[11.178863,61.202426],[11.178053,61.202717],[11.177474,61.20293],[11.17692,61.202381],[11.176712,61.202239],[11.176436,61.202153],[11.176125,61.202183],[11.175924,61.202141],[11.175459,61.202043],[11.174946,61.202006],[11.174572,61.202017],[11.174149,61.202084],[11.173545,61.202234],[11.172883,61.202159],[11.172587,61.202104],[11.171216,61.202156],[11.170215,61.202157],[11.169025,61.202121],[11.16852,61.202199],[11.168083,61.202211],[11.167466,61.202171],[11.166871,61.202165],[11.165999,61.202209],[11.165108,61.201982],[11.164744,61.201983],[11.164207,61.202052],[11.163685,61.202191],[11.16326,61.202379],[11.162862,61.20234],[11.1627,61.202262],[11.162282,61.202093],[11.162035,61.20184],[11.161654,61.201746],[11.161301,61.201611],[11.160497,61.201437],[11.159956,61.201144],[11.158922,61.20095],[11.157824,61.200746],[11.156974,61.200508],[11.15629,61.200409],[11.155206,61.200396],[11.154512,61.200452],[11.153999,61.200425],[11.153557,61.200502],[11.153253,61.200628],[11.152833,61.20074],[11.152391,61.200672],[11.151729,61.200592],[11.151203,61.200515],[11.150453,61.200376],[11.149923,61.200233],[11.149333,61.200132],[11.148803,61.200005],[11.148133,61.199648],[11.147608,61.199446],[11.146929,61.199265],[11.146445,61.199042],[11.146144,61.198906],[11.145793,61.19864],[11.145251,61.198327],[11.144789,61.198128],[11.144747,61.197973],[11.144625,61.197713],[11.1446,61.197487],[11.144557,61.197312],[11.144378,61.197139],[11.144192,61.197001],[11.144062,61.196938],[11.143843,61.196771],[11.143276,61.196408],[11.143189,61.196349],[11.143107,61.196219],[11.143049,61.195974],[11.142901,61.195795],[11.142505,61.195641],[11.142243,61.195454],[11.142073,61.19526],[11.141602,61.194911],[11.141258,61.194755],[11.140769,61.194622],[11.140619,61.194554],[11.140062,61.194483],[11.139715,61.194438],[11.139171,61.194095],[11.138372,61.193836],[11.137558,61.193658],[11.136498,61.193684],[11.135702,61.193632],[11.134982,61.193603],[11.134289,61.193528],[11.134066,61.193466],[11.13342,61.193301],[11.133063,61.193261],[11.132782,61.193265],[11.13243,61.193306],[11.131379,61.193619],[11.130993,61.193776],[11.130565,61.193909],[11.129674,61.193978],[11.129064,61.193902],[11.127919,61.19391],[11.127398,61.193253],[11.126471,61.193064],[11.12641,61.192595],[11.12657,61.192037],[11.126579,61.191607],[11.126234,61.191552],[11.12554,61.191499],[11.125439,61.191307],[11.125553,61.191064],[11.125784,61.190748],[11.125708,61.190551],[11.125416,61.190255],[11.12522,61.190037],[11.125372,61.189848],[11.125954,61.189474],[11.126503,61.18902],[11.126831,61.188692],[11.126822,61.188432],[11.126545,61.188214],[11.126109,61.187917],[11.125985,61.187709],[11.125874,61.187438],[11.125719,61.187207],[11.125461,61.187051],[11.12545,61.186906],[11.125552,61.186778],[11.125897,61.186514],[11.125839,61.186227],[11.12567,61.185632],[11.126203,61.18526],[11.12626,61.185127],[11.126227,61.184956],[11.12622,61.1847],[11.126294,61.184415],[11.126663,61.184111],[11.126929,61.183922],[11.127324,61.183621],[11.12745,61.183238],[11.126789,61.182909],[11.126889,61.182685],[11.126938,61.182633],[11.127171,61.182344],[11.12716,61.182142],[11.12729,61.181873],[11.127392,61.181682],[11.127298,61.181444],[11.127209,61.181197],[11.127203,61.181057],[11.127344,61.180892],[11.127459,61.180708],[11.127493,61.180423],[11.127582,61.180216],[11.127669,61.179925],[11.127611,61.179783],[11.127291,61.179696],[11.127012,61.179547],[11.127155,61.179306],[11.127292,61.1792],[11.127998,61.178996],[11.128136,61.178722],[11.128179,61.178493],[11.128181,61.178077],[11.128614,61.177821],[11.128077,61.177626],[11.127439,61.177481],[11.126937,61.177245],[11.126937,61.177245],[11.126778,61.17706],[11.126811,61.176754],[11.126553,61.176396],[11.126004,61.176008],[11.125644,61.175747],[11.125128,61.175526],[11.124442,61.175318],[11.124269,61.175149],[11.124244,61.175043],[11.12409,61.174826],[11.124008,61.17474],[11.124037,61.174596],[11.124388,61.174421],[11.124316,61.174335],[11.12406,61.174224],[11.123851,61.174169],[11.123546,61.174174],[11.123341,61.174206],[11.123282,61.174057],[11.123248,61.173968],[11.123133,61.173865],[11.123234,61.1737],[11.123324,61.173676],[11.12336,61.173557],[11.123233,61.173469],[11.123092,61.173337],[11.123092,61.173337],[11.123185,61.173226],[11.123176,61.173132],[11.123008,61.173063],[11.122915,61.173033],[11.122716,61.172984],[11.122623,61.172946],[11.12252,61.172834],[11.122554,61.172725],[11.122525,61.172569],[11.122273,61.172384],[11.121463,61.172223],[11.119996,61.172053],[11.127402,61.171615],[11.129566,61.17149],[11.134158,61.171183],[11.166805,61.169397],[11.189675,61.175257],[11.189896,61.17544],[11.189701,61.176329],[11.189367,61.177279],[11.189237,61.177583],[11.189238,61.177908],[11.189034,61.178054],[11.188901,61.178221],[11.188768,61.17898],[11.188771,61.179088],[11.188829,61.179141],[11.188874,61.179254],[11.18882,61.179551],[11.189119,61.180014],[11.189207,61.180208],[11.189243,61.180229],[11.189338,61.18037],[11.189375,61.180511],[11.189494,61.180642],[11.189639,61.180805],[11.189881,61.181029],[11.190047,61.18115],[11.190173,61.181277],[11.190552,61.181455],[11.190649,61.181527],[11.190898,61.181662],[11.191272,61.181744],[11.191617,61.181931],[11.192027,61.182009],[11.19219,61.182131],[11.192645,61.182341],[11.19298,61.182537],[11.193148,61.182646],[11.193284,61.182885],[11.193341,61.182997],[11.193568,61.183115],[11.193635,61.183327],[11.193649,61.183415],[11.193806,61.183591],[11.194009,61.183719],[11.194022,61.183856],[11.194157,61.184099],[11.194253,61.184219],[11.19425,61.184388],[11.194362,61.184467],[11.194527,61.184634],[11.194579,61.184707],[11.194626,61.18486],[11.194681,61.184914],[11.194706,61.185012],[11.194746,61.185222],[11.194821,61.185389],[11.194864,61.185493],[11.194941,61.185577],[11.195178,61.185722],[11.195315,61.185851],[11.195401,61.18594],[11.195402,61.185985],[11.199458,61.189099],[11.199525,61.190078],[11.202488,61.200436],[11.202525,61.20046],[11.202443,61.200515],[11.201941,61.20056],[11.201179,61.200599],[11.200704,61.200504],[11.200481,61.20042],[11.2003,61.200282],[11.199991,61.200173],[11.199804,61.200176],[11.199634,61.200088],[11.199161,61.199946],[11.199043,61.199836],[11.198559,61.199755],[11.198239,61.199709],[11.197773,61.199486],[11.19715,61.199499],[11.196746,61.199586],[11.19647,61.199725],[11.196168,61.199948],[11.196076,61.200135],[11.195726,61.200219],[11.195246,61.20022],[11.194577,61.200184],[11.194053,61.200125],[11.193543,61.200128],[11.193261,61.200198],[11.192767,61.200518],[11.192515,61.20079],[11.192417,61.200933],[11.192199,61.201026],[11.191859,61.201061],[11.191445,61.201055],[11.191116,61.200978],[11.190862,61.200846],[11.190606,61.200754],[11.190464,61.200744],[11.190251,61.200748],[11.189606,61.200433],[11.189253,61.200374],[11.188475,61.200287],[11.188162,61.200125],[11.187734,61.200063],[11.187461,61.200011],[11.187338,61.199991],[11.187081,61.199948],[11.186479,61.200041],[11.185804,61.200087],[11.185289,61.200056],[11.184573,61.200065],[11.183589,61.20014],[11.183272,61.200154]]]}},{"type":"Feature","properties":{"feltnummer":10,"jaktlag":"Rustad","areal_da":13189,"kontakt_navn":"Helge Rustad","kontakt_epost":"helge@rustadskogsdrift.no","kontakt_tlf":"95856720"},"geometry":{"type":"Polygon","coordinates":[[[11.166233,61.155923],[11.166975,61.155906],[11.167326,61.155804],[11.167642,61.155667],[11.167847,61.155576],[11.168007,61.155546],[11.168127,61.155518],[11.168364,61.155349],[11.168635,61.155276],[11.169038,61.155152],[11.169226,61.155112],[11.16938,61.155097],[11.16959,61.154962],[11.170404,61.154731],[11.170649,61.15469],[11.170912,61.154731],[11.171227,61.154755],[11.17142,61.154734],[11.17176,61.154464],[11.171934,61.154217],[11.172106,61.153945],[11.172342,61.153592],[11.172586,61.153118],[11.172787,61.152852],[11.172831,61.152652],[11.172728,61.152407],[11.172629,61.152269],[11.17259,61.152045],[11.172614,61.151923],[11.17274,61.151752],[11.172912,61.151586],[11.173066,61.151462],[11.173353,61.151261],[11.173495,61.151144],[11.173859,61.150875],[11.174017,61.150692],[11.174024,61.150146],[11.174013,61.149513],[11.17396,61.149272],[11.173973,61.149103],[11.173973,61.149038],[11.174004,61.148843],[11.173983,61.148771],[11.173902,61.148542],[11.173913,61.148405],[11.173979,61.14825],[11.174027,61.14811],[11.173962,61.147881],[11.173943,61.147773],[11.174071,61.147567],[11.174119,61.147438],[11.174174,61.147294],[11.174332,61.14717],[11.174417,61.1471],[11.174592,61.146995],[11.174681,61.14692],[11.174846,61.146778],[11.175103,61.146619],[11.175349,61.146471],[11.175774,61.146258],[11.176023,61.146103],[11.176441,61.145733],[11.177083,61.145294],[11.177428,61.145495],[11.177607,61.145698],[11.177879,61.145847],[11.178295,61.145894],[11.178705,61.145854],[11.178953,61.145856],[11.17941,61.145882],[11.179523,61.145927],[11.179862,61.145855],[11.179984,61.145826],[11.180003,61.145899],[11.180078,61.145985],[11.18019,61.146023],[11.180416,61.145899],[11.180524,61.145864],[11.18067,61.145795],[11.180942,61.145744],[11.181043,61.145809],[11.181254,61.145879],[11.181371,61.145777],[11.181459,61.14565],[11.181663,61.145613],[11.182002,61.145534],[11.182121,61.145466],[11.182187,61.145425],[11.182405,61.145395],[11.182549,61.145286],[11.182907,61.14528],[11.182992,61.145319],[11.183228,61.145355],[11.183522,61.145423],[11.183769,61.145413],[11.184456,61.145382],[11.184817,61.145429],[11.185034,61.145386],[11.185233,61.145269],[11.185658,61.145056],[11.186039,61.144983],[11.186419,61.144904],[11.186804,61.144705],[11.187404,61.144615],[11.187504,61.144667],[11.187701,61.144724],[11.187917,61.14466],[11.187966,61.144573],[11.188196,61.144523],[11.188807,61.1444],[11.189153,61.144421],[11.189576,61.144367],[11.189877,61.144336],[11.189945,61.144321],[11.190247,61.14431],[11.190456,61.144346],[11.190689,61.144329],[11.190932,61.144265],[11.190972,61.144045],[11.191207,61.143868],[11.191393,61.143765],[11.191706,61.143707],[11.1924,61.143596],[11.193169,61.14357],[11.193585,61.14361],[11.194148,61.143787],[11.195921,61.144936],[11.19715,61.145183],[11.197992,61.145409],[11.198894,61.145713],[11.199952,61.145883],[11.201282,61.145994],[11.20238,61.14595],[11.203892,61.145512],[11.204651,61.14534],[11.20574,61.145163],[11.206369,61.145099],[11.207288,61.144858],[11.208012,61.144567],[11.209112,61.144549],[11.209965,61.144548],[11.210441,61.14466],[11.210961,61.144998],[11.211405,61.145443],[11.212111,61.145698],[11.213049,61.145722],[11.21408,61.145892],[11.214939,61.145971],[11.215624,61.14592],[11.216608,61.145824],[11.217024,61.145857],[11.218135,61.145998],[11.218714,61.146002],[11.219016,61.145997],[11.21759,61.146405],[11.217501,61.146617],[11.217379,61.146951],[11.217271,61.147184],[11.217031,61.147329],[11.216431,61.14767],[11.215983,61.147808],[11.215489,61.148178],[11.214283,61.14849],[11.213902,61.148687],[11.213588,61.148954],[11.212675,61.149883],[11.212247,61.150313],[11.211524,61.150978],[11.209675,61.15131],[11.208902,61.151564],[11.208194,61.152148],[11.207978,61.152635],[11.207536,61.153456],[11.206259,61.153638],[11.205293,61.154106],[11.205193,61.155432],[11.20528,61.155952],[11.204254,61.156549],[11.203773,61.156828],[11.20342,61.156995],[11.203133,61.157164],[11.203046,61.15724],[11.202965,61.157335],[11.20289,61.157429],[11.20276,61.157567],[11.202415,61.15791],[11.202025,61.158335],[11.20178,61.158625],[11.201672,61.158764],[11.201623,61.158909],[11.201545,61.159215],[11.201494,61.159386],[11.201399,61.15971],[11.201275,61.159999],[11.201189,61.160237],[11.201128,61.160474],[11.201107,61.160645],[11.201039,61.160833],[11.20083,61.161323],[11.200664,61.161532],[11.200546,61.161803],[11.200356,61.162169],[11.20019,61.162473],[11.200039,61.162684],[11.199772,61.162975],[11.199465,61.163313],[11.199353,61.163475],[11.199292,61.163572],[11.199206,61.163715],[11.199086,61.163868],[11.200945,61.164163],[11.205981,61.165062],[11.208288,61.165529],[11.219143,61.16786],[11.227355,61.169663],[11.227966,61.169795],[11.229632,61.170125],[11.229995,61.170381],[11.230189,61.170372],[11.230262,61.170355],[11.230296,61.170364],[11.230331,61.170397],[11.23034,61.170419],[11.230347,61.17043],[11.230364,61.170457],[11.230372,61.170478],[11.230393,61.170514],[11.230431,61.17054],[11.230465,61.170555],[11.230526,61.170582],[11.2306,61.170607],[11.230678,61.170626],[11.230775,61.17065],[11.23086,61.170683],[11.230858,61.170693],[11.230924,61.170713],[11.23101,61.170735],[11.231157,61.170775],[11.231294,61.170811],[11.231412,61.170844],[11.231493,61.170875],[11.23155,61.170898],[11.231626,61.170956],[11.231669,61.171001],[11.231707,61.17105],[11.231743,61.171094],[11.231784,61.171144],[11.23186,61.171213],[11.231939,61.171291],[11.231997,61.171339],[11.232032,61.171367],[11.232092,61.171392],[11.232189,61.171422],[11.232234,61.171438],[11.232246,61.171441],[11.232288,61.171452],[11.232347,61.171459],[11.232387,61.171467],[11.232468,61.171482],[11.232511,61.1715],[11.232532,61.171516],[11.232553,61.171534],[11.23257,61.17156],[11.232578,61.17158],[11.232585,61.171594],[11.232637,61.171643],[11.232654,61.171652],[11.232699,61.171668],[11.232759,61.171691],[11.232832,61.17171],[11.232981,61.171744],[11.233109,61.171766],[11.233253,61.171794],[11.233397,61.171834],[11.233544,61.171873],[11.2337,61.171902],[11.233878,61.171919],[11.234017,61.171949],[11.234112,61.171983],[11.234155,61.172017],[11.234191,61.172052],[11.234229,61.172069],[11.234291,61.172092],[11.234342,61.172106],[11.234418,61.172117],[11.234444,61.17212],[11.234521,61.17214],[11.234572,61.172153],[11.234615,61.172168],[11.234631,61.172173],[11.234655,61.172179],[11.234688,61.172187],[11.234752,61.172205],[11.234871,61.172244],[11.234939,61.172273],[11.234989,61.172288],[11.235093,61.172321],[11.235153,61.172342],[11.235214,61.172364],[11.235329,61.172395],[11.235382,61.172406],[11.235408,61.172409],[11.235425,61.172414],[11.235442,61.172422],[11.235465,61.172432],[11.235484,61.172441],[11.235513,61.172452],[11.235537,61.172472],[11.235542,61.172483],[11.235544,61.172498],[11.235575,61.17254],[11.235609,61.172573],[11.235659,61.172611],[11.235711,61.172642],[11.235794,61.172695],[11.235877,61.172744],[11.235963,61.172786],[11.236049,61.172836],[11.236137,61.172889],[11.236281,61.172962],[11.236471,61.173014],[11.236632,61.173049],[11.23676,61.173072],[11.236859,61.173114],[11.236902,61.173157],[11.236948,61.173207],[11.236981,61.173236],[11.237033,61.173246],[11.237149,61.173266],[11.237246,61.173286],[11.237343,61.173308],[11.237459,61.173348],[11.237525,61.17334],[11.237591,61.17334],[11.237643,61.173342],[11.237731,61.17335],[11.237785,61.173354],[11.23783,61.173356],[11.237903,61.17336],[11.238088,61.173387],[11.238267,61.173426],[11.238414,61.173465],[11.238436,61.173468],[11.238447,61.173465],[11.23849,61.173486],[11.238523,61.1735],[11.238611,61.173531],[11.238666,61.173546],[11.23876,61.173569],[11.238874,61.173598],[11.239194,61.173673],[11.239513,61.173756],[11.239658,61.173795],[11.239769,61.17381],[11.239785,61.173811],[11.239959,61.173886],[11.24003,61.173929],[11.240094,61.173975],[11.240228,61.17406],[11.240377,61.174136],[11.240486,61.174193],[11.240574,61.174238],[11.2407,61.174307],[11.240807,61.174369],[11.24089,61.174394],[11.241004,61.174432],[11.241064,61.174471],[11.241062,61.174501],[11.241081,61.174532],[11.241138,61.174579],[11.241202,61.174614],[11.241328,61.174669],[11.241446,61.174715],[11.241555,61.174742],[11.24169,61.174761],[11.241806,61.174787],[11.241941,61.174814],[11.242168,61.174872],[11.242336,61.174908],[11.242469,61.174902],[11.242594,61.1749],[11.24276,61.174927],[11.242821,61.17494],[11.242887,61.174957],[11.242911,61.174964],[11.242963,61.174974],[11.243346,61.175072],[11.24342,61.175087],[11.243543,61.175102],[11.243618,61.175112],[11.243696,61.175123],[11.243827,61.175148],[11.243945,61.175174],[11.244075,61.175207],[11.244151,61.175223],[11.244262,61.17524],[11.244371,61.175257],[11.244506,61.175295],[11.244575,61.175312],[11.244627,61.175322],[11.24466,61.175344],[11.244703,61.175368],[11.244703,61.175368],[11.244809,61.175407],[11.24494,61.175475],[11.245055,61.175563],[11.245162,61.175633],[11.245245,61.175694],[11.2453,61.175738],[11.245381,61.17579],[11.245478,61.17583],[11.245473,61.1759],[11.225393,61.178953],[11.228037,61.187565],[11.228488,61.189666],[11.228987,61.191065],[11.229231,61.192184],[11.22949,61.192836],[11.225656,61.202185],[11.226659,61.202318],[11.231333,61.202764],[11.234726,61.202957],[11.23419,61.203352],[11.232703,61.204414],[11.232451,61.204423],[11.230686,61.204536],[11.229404,61.204578],[11.228373,61.204516],[11.227167,61.204356],[11.226064,61.204085],[11.225584,61.204089],[11.225064,61.204276],[11.224971,61.204437],[11.224953,61.204659],[11.224709,61.20481],[11.224448,61.204871],[11.223345,61.204582],[11.222504,61.2042],[11.221772,61.204013],[11.220693,61.204023],[11.219645,61.204076],[11.219126,61.204001],[11.218447,61.203744],[11.218041,61.203459],[11.217667,61.203315],[11.217274,61.203299],[11.216512,61.203433],[11.21631,61.203408],[11.216034,61.203305],[11.215728,61.203154],[11.21562,61.20297],[11.215381,61.202779],[11.215096,61.202674],[11.214919,61.202605],[11.214898,61.202516],[11.214913,61.202449],[11.214736,61.202264],[11.21463,61.201979],[11.214515,61.201912],[11.214033,61.20178],[11.213728,61.201572],[11.213578,61.201417],[11.213378,61.201357],[11.213228,61.201319],[11.212878,61.201371],[11.212265,61.201348],[11.211776,61.201249],[11.211335,61.201277],[11.210936,61.20145],[11.21062,61.201597],[11.210248,61.201641],[11.209794,61.201623],[11.209182,61.201513],[11.208648,61.201318],[11.208196,61.201066],[11.207856,61.200763],[11.207715,61.200512],[11.207554,61.200358],[11.206387,61.199866],[11.205648,61.199866],[11.205187,61.199939],[11.204557,61.200089],[11.204322,61.200135],[11.204048,61.200128],[11.20369,61.200181],[11.203298,61.200304],[11.202942,61.20032],[11.202525,61.20046],[11.202488,61.200436],[11.199525,61.190078],[11.199458,61.189099],[11.195402,61.185985],[11.195401,61.18594],[11.195315,61.185851],[11.195178,61.185722],[11.194941,61.185577],[11.194864,61.185493],[11.194821,61.185389],[11.194746,61.185222],[11.194706,61.185012],[11.194681,61.184914],[11.194626,61.18486],[11.194579,61.184707],[11.194527,61.184634],[11.194362,61.184467],[11.19425,61.184388],[11.194253,61.184219],[11.194157,61.184099],[11.194022,61.183856],[11.194009,61.183719],[11.193806,61.183591],[11.193649,61.183415],[11.193635,61.183327],[11.193568,61.183115],[11.193341,61.182997],[11.193284,61.182885],[11.193148,61.182646],[11.19298,61.182537],[11.192645,61.182341],[11.19219,61.182131],[11.192027,61.182009],[11.191617,61.181931],[11.191272,61.181744],[11.190898,61.181662],[11.190649,61.181527],[11.190552,61.181455],[11.190173,61.181277],[11.190047,61.18115],[11.189881,61.181029],[11.189639,61.180805],[11.189494,61.180642],[11.189375,61.180511],[11.189338,61.18037],[11.189243,61.180229],[11.189207,61.180208],[11.189119,61.180014],[11.18882,61.179551],[11.188874,61.179254],[11.188829,61.179141],[11.188771,61.179088],[11.188768,61.17898],[11.188901,61.178221],[11.189034,61.178054],[11.189238,61.177908],[11.189237,61.177583],[11.189367,61.177279],[11.189701,61.176329],[11.189896,61.17544],[11.189675,61.175257],[11.166805,61.169397],[11.164338,61.167085],[11.161332,61.164214],[11.16153,61.163878],[11.161586,61.163697],[11.161464,61.163519],[11.161508,61.163352],[11.161403,61.163228],[11.161356,61.163155],[11.161399,61.162975],[11.161532,61.162899],[11.161535,61.162753],[11.161715,61.162564],[11.161963,61.16236],[11.162189,61.162243],[11.16231,61.161989],[11.162351,61.161795],[11.162493,61.161653],[11.162594,61.161518],[11.162445,61.161354],[11.162435,61.161208],[11.162237,61.161131],[11.162247,61.161078],[11.16224,61.160972],[11.162299,61.160824],[11.162219,61.160659],[11.162279,61.160538],[11.162453,61.160456],[11.162551,61.160281],[11.16265,61.160126],[11.162712,61.160026],[11.162873,61.159963],[11.163284,61.159917],[11.163572,61.159899],[11.163787,61.159822],[11.163783,61.159762],[11.163953,61.159633],[11.164056,61.159532],[11.164136,61.15949],[11.164269,61.159422],[11.16464,61.159403],[11.164635,61.159336],[11.164898,61.159159],[11.164901,61.158992],[11.165096,61.158823],[11.165167,61.158662],[11.165184,61.158509],[11.165411,61.158405],[11.165609,61.158269],[11.165584,61.15811],[11.165502,61.157918],[11.165387,61.157853],[11.165274,61.157809],[11.165362,61.157681],[11.165352,61.157541],[11.165376,61.157481],[11.165467,61.157413],[11.165459,61.157293],[11.165425,61.157201],[11.165375,61.157075],[11.165343,61.157002],[11.165373,61.156835],[11.165432,61.156695],[11.165578,61.156619],[11.165572,61.156533],[11.16557,61.156493],[11.165414,61.156435],[11.165241,61.156325],[11.165234,61.156225],[11.165367,61.156143],[11.16557,61.1561],[11.166116,61.156025],[11.166233,61.155923]]]}},{"type":"Feature","properties":{"feltnummer":11,"jaktlag":"Horndalen","areal_da":14505,"kontakt_navn":"Erik Horndalen","kontakt_epost":"erik@horndalenas.no","kontakt_tlf":"95497791"},"geometry":{"type":"Polygon","coordinates":[[[11.352492,61.15234],[11.353505,61.15296],[11.354507,61.152728],[11.355634,61.153113],[11.356586,61.15326],[11.357473,61.153245],[11.358593,61.153541],[11.35558,61.154844],[11.352621,61.156086],[11.352044,61.156415],[11.347304,61.156744],[11.341804,61.155892],[11.337415,61.15593],[11.334362,61.156008],[11.332713,61.155973],[11.332324,61.154998],[11.332721,61.153582],[11.333267,61.152604],[11.325762,61.152963],[11.323793,61.153164],[11.322049,61.153542],[11.317871,61.154226],[11.313398,61.155539],[11.311519,61.155727],[11.310772,61.155922],[11.309872,61.156256],[11.309213,61.156598],[11.308283,61.156715],[11.307685,61.156487],[11.306627,61.156352],[11.305787,61.156134],[11.304519,61.156073],[11.303575,61.155901],[11.302809,61.155862],[11.30247,61.155987],[11.301802,61.15625],[11.301523,61.156516],[11.301101,61.156678],[11.300681,61.15675],[11.299948,61.156847],[11.299456,61.156948],[11.299282,61.156979],[11.29898,61.15706],[11.298247,61.157293],[11.29779,61.157452],[11.297536,61.157547],[11.297449,61.157571],[11.297246,61.157648],[11.297189,61.157714],[11.297101,61.157896],[11.296824,61.158192],[11.296734,61.15826],[11.296604,61.158323],[11.296426,61.158416],[11.296277,61.158501],[11.296131,61.158589],[11.295981,61.158676],[11.295871,61.15872],[11.295592,61.15884],[11.295471,61.158913],[11.295375,61.159],[11.295334,61.159062],[11.295274,61.159175],[11.295256,61.159202],[11.295245,61.159225],[11.295229,61.159245],[11.295171,61.159268],[11.295028,61.159311],[11.294853,61.159358],[11.294694,61.159402],[11.294603,61.159427],[11.294514,61.159455],[11.294375,61.159475],[11.294161,61.159499],[11.294063,61.159513],[11.293997,61.159521],[11.293878,61.159546],[11.293837,61.159597],[11.293835,61.159638],[11.293833,61.159652],[11.29386,61.159675],[11.293868,61.159698],[11.293864,61.159716],[11.293846,61.159742],[11.293826,61.159776],[11.293824,61.159812],[11.293839,61.159841],[11.293836,61.15987],[11.293789,61.159897],[11.293746,61.159941],[11.293697,61.159976],[11.29363,61.160008],[11.293509,61.160066],[11.293393,61.160129],[11.293287,61.160216],[11.293216,61.160284],[11.293136,61.160357],[11.293097,61.160389],[11.292986,61.160464],[11.29297,61.160473],[11.292857,61.160517],[11.292804,61.160546],[11.292747,61.160594],[11.29274,61.160607],[11.292682,61.160636],[11.292505,61.160717],[11.292378,61.160783],[11.292289,61.160834],[11.292245,61.160859],[11.292155,61.160913],[11.291974,61.161002],[11.291802,61.16108],[11.291625,61.16116],[11.291527,61.161203],[11.291413,61.161246],[11.291298,61.161287],[11.291217,61.161308],[11.291052,61.16134],[11.29093,61.161367],[11.290853,61.161388],[11.290732,61.161417],[11.290652,61.161437],[11.290556,61.161454],[11.290466,61.161467],[11.290321,61.16148],[11.290212,61.16149],[11.289973,61.161521],[11.289796,61.161541],[11.28958,61.161561],[11.289408,61.161574],[11.289344,61.161575],[11.289274,61.161575],[11.289193,61.161573],[11.289095,61.161577],[11.289045,61.161576],[11.288972,61.161575],[11.288882,61.161568],[11.28879,61.161563],[11.288693,61.161561],[11.288596,61.161559],[11.288506,61.161559],[11.288362,61.161563],[11.288362,61.161563],[11.28827,61.16156],[11.288162,61.16156],[11.288082,61.161564],[11.287946,61.161584],[11.287883,61.161598],[11.287812,61.161621],[11.287768,61.161637],[11.287703,61.161659],[11.287632,61.161677],[11.287461,61.161713],[11.287279,61.161755],[11.287187,61.161771],[11.286985,61.161798],[11.286773,61.161821],[11.286649,61.161836],[11.286525,61.161864],[11.286448,61.16189],[11.28638,61.161926],[11.286279,61.162015],[11.286213,61.162095],[11.286165,61.162156],[11.286123,61.162216],[11.286101,61.16228],[11.286084,61.162348],[11.28602,61.162421],[11.285982,61.162478],[11.285959,61.162514],[11.285885,61.162556],[11.285862,61.162568],[11.285816,61.162591],[11.28573,61.162646],[11.285677,61.162684],[11.28561,61.162726],[11.285561,61.162757],[11.285461,61.162805],[11.285315,61.16288],[11.285185,61.162939],[11.285056,61.162992],[11.285007,61.163009],[11.28491,61.163046],[11.284673,61.163123],[11.284605,61.163141],[11.284526,61.163158],[11.284458,61.163174],[11.284404,61.163183],[11.284341,61.163189],[11.284282,61.163196],[11.284164,61.163209],[11.283811,61.163248],[11.283657,61.163285],[11.283519,61.163329],[11.283421,61.163355],[11.283402,61.16336],[11.283259,61.163374],[11.283072,61.163382],[11.282976,61.16338],[11.282945,61.163383],[11.282818,61.163396],[11.282689,61.163421],[11.28263,61.163434],[11.282593,61.163443],[11.28249,61.163485],[11.282413,61.163516],[11.282342,61.163552],[11.282316,61.163576],[11.28226,61.1636],[11.282188,61.163625],[11.28208,61.163654],[11.281816,61.163717],[11.281757,61.163731],[11.281656,61.163748],[11.281492,61.163773],[11.281436,61.163782],[11.281391,61.163788],[11.281316,61.163799],[11.281292,61.163801],[11.281243,61.163808],[11.2812,61.163815],[11.281129,61.163825],[11.28105,61.163842],[11.281003,61.163848],[11.28081,61.163868],[11.28081,61.163868],[11.280688,61.163881],[11.280669,61.163887],[11.280606,61.16389],[11.280502,61.163892],[11.280365,61.163895],[11.280259,61.163898],[11.280127,61.163906],[11.280038,61.163906],[11.279951,61.163906],[11.279823,61.163902],[11.279762,61.163904],[11.279653,61.163911],[11.279595,61.163917],[11.279529,61.163922],[11.279413,61.163923],[11.279319,61.163924],[11.279236,61.163928],[11.279208,61.163933],[11.279201,61.16395],[11.279136,61.163964],[11.279078,61.163983],[11.279014,61.164001],[11.278942,61.164022],[11.278855,61.164049],[11.278806,61.164062],[11.278769,61.164071],[11.278708,61.164084],[11.278595,61.164098],[11.27852,61.164105],[11.278395,61.164121],[11.278252,61.16414],[11.278151,61.164162],[11.278043,61.164189],[11.278013,61.164201],[11.277932,61.164244],[11.277845,61.164266],[11.277775,61.164281],[11.277742,61.164288],[11.277643,61.164303],[11.277578,61.164317],[11.277538,61.164322],[11.277496,61.164339],[11.277456,61.164356],[11.277409,61.164374],[11.277359,61.164401],[11.277359,61.164401],[11.277333,61.164417],[11.277315,61.164431],[11.277291,61.164443],[11.277247,61.164461],[11.277205,61.164478],[11.277182,61.164487],[11.277154,61.164499],[11.275724,61.164526],[11.273474,61.165063],[11.266724,61.166992],[11.261126,61.170265],[11.261125,61.170828],[11.258591,61.171796],[11.257113,61.171999],[11.24276,61.174927],[11.242594,61.1749],[11.242469,61.174902],[11.242336,61.174908],[11.242168,61.174872],[11.241941,61.174814],[11.241806,61.174787],[11.24169,61.174761],[11.241555,61.174742],[11.241446,61.174715],[11.241328,61.174669],[11.241202,61.174614],[11.241138,61.174579],[11.241081,61.174532],[11.241062,61.174501],[11.241064,61.174471],[11.241004,61.174432],[11.24089,61.174394],[11.240807,61.174369],[11.2407,61.174307],[11.240574,61.174238],[11.240486,61.174193],[11.240377,61.174136],[11.240228,61.17406],[11.240094,61.173975],[11.24003,61.173929],[11.239959,61.173886],[11.239785,61.173811],[11.239769,61.17381],[11.239658,61.173795],[11.239513,61.173756],[11.239194,61.173673],[11.238874,61.173598],[11.23876,61.173569],[11.238666,61.173546],[11.238611,61.173531],[11.238523,61.1735],[11.23849,61.173486],[11.238447,61.173465],[11.238436,61.173468],[11.238414,61.173465],[11.238267,61.173426],[11.238088,61.173387],[11.237903,61.17336],[11.23783,61.173356],[11.237785,61.173354],[11.237731,61.17335],[11.237643,61.173342],[11.237591,61.17334],[11.237525,61.17334],[11.237459,61.173348],[11.237343,61.173308],[11.237246,61.173286],[11.237149,61.173266],[11.237033,61.173246],[11.236981,61.173236],[11.236948,61.173207],[11.236902,61.173157],[11.236859,61.173114],[11.23676,61.173072],[11.236632,61.173049],[11.236471,61.173014],[11.236281,61.172962],[11.236137,61.172889],[11.236049,61.172836],[11.235963,61.172786],[11.235877,61.172744],[11.235794,61.172695],[11.235711,61.172642],[11.235659,61.172611],[11.235609,61.172573],[11.235575,61.17254],[11.235544,61.172498],[11.235542,61.172483],[11.235537,61.172472],[11.235513,61.172452],[11.235484,61.172441],[11.235465,61.172432],[11.235442,61.172422],[11.235425,61.172414],[11.235408,61.172409],[11.235382,61.172406],[11.235329,61.172395],[11.235214,61.172364],[11.235153,61.172342],[11.235093,61.172321],[11.234989,61.172288],[11.234939,61.172273],[11.234871,61.172244],[11.234752,61.172205],[11.234688,61.172187],[11.234655,61.172179],[11.234631,61.172173],[11.234615,61.172168],[11.234572,61.172153],[11.234521,61.17214],[11.234444,61.17212],[11.234418,61.172117],[11.234342,61.172106],[11.234291,61.172092],[11.234229,61.172069],[11.234191,61.172052],[11.234155,61.172017],[11.234112,61.171983],[11.234017,61.171949],[11.233878,61.171919],[11.2337,61.171902],[11.233544,61.171873],[11.233397,61.171834],[11.233253,61.171794],[11.233109,61.171766],[11.232981,61.171744],[11.232832,61.17171],[11.232759,61.171691],[11.232699,61.171668],[11.232654,61.171652],[11.232637,61.171643],[11.232585,61.171594],[11.232578,61.17158],[11.23257,61.17156],[11.232553,61.171534],[11.232532,61.171516],[11.232511,61.1715],[11.232468,61.171482],[11.232387,61.171467],[11.232347,61.171459],[11.232288,61.171452],[11.232246,61.171441],[11.232234,61.171438],[11.232189,61.171422],[11.232092,61.171392],[11.232032,61.171367],[11.231997,61.171339],[11.231939,61.171291],[11.23186,61.171213],[11.231784,61.171144],[11.231743,61.171094],[11.231707,61.17105],[11.231669,61.171001],[11.231626,61.170956],[11.23155,61.170898],[11.231493,61.170875],[11.231412,61.170844],[11.231294,61.170811],[11.231157,61.170775],[11.23101,61.170735],[11.230924,61.170713],[11.230858,61.170693],[11.23086,61.170683],[11.230775,61.17065],[11.230678,61.170626],[11.2306,61.170607],[11.230526,61.170582],[11.230465,61.170555],[11.230431,61.17054],[11.230393,61.170514],[11.230372,61.170478],[11.230364,61.170457],[11.230347,61.17043],[11.23034,61.170419],[11.230331,61.170397],[11.230296,61.170364],[11.230262,61.170355],[11.230189,61.170372],[11.229995,61.170381],[11.229632,61.170125],[11.227966,61.169795],[11.227355,61.169663],[11.219143,61.16786],[11.208288,61.165529],[11.205981,61.165062],[11.200945,61.164163],[11.199086,61.163868],[11.199206,61.163715],[11.199292,61.163572],[11.199353,61.163475],[11.199465,61.163313],[11.199772,61.162975],[11.200039,61.162684],[11.20019,61.162473],[11.200356,61.162169],[11.200546,61.161803],[11.200664,61.161532],[11.20083,61.161323],[11.201039,61.160833],[11.201107,61.160645],[11.201128,61.160474],[11.201189,61.160237],[11.201275,61.159999],[11.201399,61.15971],[11.201494,61.159386],[11.201545,61.159215],[11.201623,61.158909],[11.201672,61.158764],[11.20178,61.158625],[11.202025,61.158335],[11.202415,61.15791],[11.20276,61.157567],[11.20289,61.157429],[11.202965,61.157335],[11.203046,61.15724],[11.203133,61.157164],[11.20342,61.156995],[11.203773,61.156828],[11.204254,61.156549],[11.20528,61.155952],[11.205193,61.155432],[11.205293,61.154106],[11.206259,61.153638],[11.207536,61.153456],[11.207978,61.152635],[11.208194,61.152148],[11.208902,61.151564],[11.209675,61.15131],[11.211524,61.150978],[11.212247,61.150313],[11.212675,61.149883],[11.213588,61.148954],[11.213902,61.148687],[11.214283,61.14849],[11.215489,61.148178],[11.215983,61.147808],[11.216431,61.14767],[11.217031,61.147329],[11.217271,61.147184],[11.217379,61.146951],[11.217501,61.146617],[11.21759,61.146405],[11.219016,61.145997],[11.220198,61.14635],[11.220739,61.146994],[11.221807,61.147309],[11.222486,61.147564],[11.223561,61.147972],[11.224532,61.148462],[11.224942,61.148801],[11.225359,61.148975],[11.225866,61.149483],[11.226449,61.149868],[11.227297,61.150173],[11.22843,61.150537],[11.230714,61.151076],[11.231408,61.151096],[11.232206,61.151051],[11.233093,61.151072],[11.234516,61.151298],[11.235568,61.151383],[11.236732,61.151293],[11.237677,61.15111],[11.239514,61.150838],[11.240025,61.150673],[11.241105,61.150217],[11.241673,61.150022],[11.242459,61.149995],[11.243254,61.149936],[11.246721,61.149145],[11.247758,61.148983],[11.249226,61.14895],[11.25063,61.149095],[11.251424,61.149199],[11.253421,61.149208],[11.254058,61.149365],[11.255278,61.149846],[11.257002,61.150273],[11.258084,61.150671],[11.258511,61.150694],[11.259277,61.150628],[11.259734,61.150366],[11.260402,61.150183],[11.261436,61.150006],[11.262436,61.150123],[11.263215,61.150333],[11.264319,61.150325],[11.265625,61.150253],[11.266897,61.150015],[11.267981,61.14987],[11.270298,61.149474],[11.2713,61.149176],[11.271798,61.149132],[11.272495,61.149209],[11.272894,61.14942],[11.273379,61.149511],[11.273848,61.149492],[11.274472,61.149362],[11.275146,61.149151],[11.276222,61.1488],[11.277483,61.14852],[11.279064,61.14828],[11.280549,61.148145],[11.281683,61.148033],[11.282824,61.148227],[11.284563,61.148348],[11.285531,61.148285],[11.286663,61.148152],[11.287492,61.148109],[11.288916,61.148386],[11.290722,61.148678],[11.291545,61.148568],[11.291746,61.148482],[11.292638,61.148392],[11.293377,61.148377],[11.294912,61.148285],[11.295997,61.148104],[11.296706,61.148028],[11.297447,61.147482],[11.298044,61.147047],[11.298473,61.14688],[11.299165,61.146794],[11.299893,61.146709],[11.301144,61.146465],[11.301878,61.146369],[11.302647,61.146478],[11.303292,61.146738],[11.303831,61.147163],[11.304237,61.147367],[11.304792,61.147425],[11.305722,61.147342],[11.306722,61.147317],[11.307502,61.147205],[11.308381,61.147177],[11.30969,61.147124],[11.310488,61.146995],[11.312034,61.146841],[11.313002,61.146725],[11.314379,61.146715],[11.315352,61.146596],[11.316146,61.146405],[11.316836,61.146243],[11.31778,61.146174],[11.318798,61.146188],[11.319296,61.146158],[11.319902,61.14608],[11.320731,61.145838],[11.321676,61.145579],[11.322353,61.145358],[11.322717,61.145135],[11.323047,61.144756],[11.323101,61.144369],[11.323431,61.143978],[11.324009,61.143608],[11.325104,61.143606],[11.326029,61.143565],[11.327939,61.143961],[11.335054,61.144053],[11.336694,61.144063],[11.338005,61.144482],[11.337597,61.143908],[11.340426,61.143291],[11.344673,61.142422],[11.34521,61.142615],[11.344163,61.143302],[11.342609,61.143127],[11.341025,61.143268],[11.340672,61.144499],[11.341749,61.144215],[11.342915,61.144789],[11.345744,61.144879],[11.343398,61.144263],[11.345477,61.142698],[11.346817,61.142448],[11.34814,61.141957],[11.350032,61.142101],[11.34983,61.141499],[11.361697,61.138766],[11.361942,61.140296],[11.363625,61.140267],[11.363628,61.141006],[11.364125,61.141003],[11.364071,61.142034],[11.364039,61.145097],[11.362843,61.145004],[11.361228,61.145254],[11.360464,61.145867],[11.360659,61.146205],[11.36062,61.146212],[11.359167,61.147045],[11.358757,61.146983],[11.358255,61.147434],[11.36167,61.148366],[11.36191,61.148785],[11.361867,61.149259],[11.360993,61.149798],[11.3603,61.150322],[11.357688,61.15122],[11.355513,61.15237],[11.353886,61.15176],[11.355134,61.151145],[11.355788,61.151493],[11.355328,61.15111],[11.355745,61.150743],[11.356275,61.151201],[11.357655,61.150255],[11.358854,61.150556],[11.359146,61.15026],[11.357456,61.149683],[11.358012,61.14925],[11.356399,61.149001],[11.354632,61.148615],[11.353287,61.148272],[11.353571,61.148583],[11.35231,61.149362],[11.349284,61.148038],[11.348812,61.148198],[11.351417,61.149839],[11.352328,61.150486],[11.353122,61.150965],[11.352213,61.151398],[11.353347,61.151883],[11.352492,61.15234]]]}},{"type":"Feature","properties":{"feltnummer":12,"jaktlag":"Mæhlen","areal_da":13130,"kontakt_navn":"Nils Ingar Mæhlen","kontakt_epost":"nilsim99@gmail.com","kontakt_tlf":"91822170"},"geometry":{"type":"Polygon","coordinates":[[[11.225656,61.202185],[11.22949,61.192836],[11.229231,61.192184],[11.228987,61.191065],[11.228488,61.189666],[11.228037,61.187565],[11.225393,61.178953],[11.245473,61.1759],[11.245478,61.17583],[11.245381,61.17579],[11.2453,61.175738],[11.245245,61.175694],[11.245162,61.175633],[11.245055,61.175563],[11.24494,61.175475],[11.244809,61.175407],[11.244703,61.175368],[11.244703,61.175368],[11.24466,61.175344],[11.244627,61.175322],[11.244575,61.175312],[11.244506,61.175295],[11.244371,61.175257],[11.244262,61.17524],[11.244151,61.175223],[11.244075,61.175207],[11.243945,61.175174],[11.243827,61.175148],[11.243696,61.175123],[11.243618,61.175112],[11.243543,61.175102],[11.24342,61.175087],[11.243346,61.175072],[11.242963,61.174974],[11.242911,61.174964],[11.242887,61.174957],[11.242821,61.17494],[11.24276,61.174927],[11.257113,61.171999],[11.258591,61.171796],[11.261125,61.170828],[11.261126,61.170265],[11.266724,61.166992],[11.273474,61.165063],[11.275724,61.164526],[11.277154,61.164499],[11.277182,61.164487],[11.277205,61.164478],[11.277247,61.164461],[11.277291,61.164443],[11.277315,61.164431],[11.277333,61.164417],[11.277359,61.164401],[11.277359,61.164401],[11.277409,61.164374],[11.277456,61.164356],[11.277496,61.164339],[11.277538,61.164322],[11.277578,61.164317],[11.277643,61.164303],[11.277742,61.164288],[11.277775,61.164281],[11.277845,61.164266],[11.277932,61.164244],[11.278013,61.164201],[11.278043,61.164189],[11.278151,61.164162],[11.278252,61.16414],[11.278395,61.164121],[11.27852,61.164105],[11.278595,61.164098],[11.278708,61.164084],[11.278769,61.164071],[11.278806,61.164062],[11.278855,61.164049],[11.278942,61.164022],[11.279014,61.164001],[11.279078,61.163983],[11.279136,61.163964],[11.279201,61.16395],[11.279208,61.163933],[11.279236,61.163928],[11.279319,61.163924],[11.279413,61.163923],[11.279529,61.163922],[11.279595,61.163917],[11.279653,61.163911],[11.279762,61.163904],[11.279823,61.163902],[11.279951,61.163906],[11.280038,61.163906],[11.280127,61.163906],[11.280259,61.163898],[11.280365,61.163895],[11.280502,61.163892],[11.280606,61.16389],[11.280669,61.163887],[11.280688,61.163881],[11.28081,61.163868],[11.28081,61.163868],[11.281003,61.163848],[11.28105,61.163842],[11.281129,61.163825],[11.2812,61.163815],[11.281243,61.163808],[11.281292,61.163801],[11.281316,61.163799],[11.281391,61.163788],[11.281436,61.163782],[11.281492,61.163773],[11.281656,61.163748],[11.281757,61.163731],[11.281816,61.163717],[11.28208,61.163654],[11.282188,61.163625],[11.28226,61.1636],[11.282316,61.163576],[11.282342,61.163552],[11.282413,61.163516],[11.28249,61.163485],[11.282593,61.163443],[11.28263,61.163434],[11.282689,61.163421],[11.282818,61.163396],[11.282945,61.163383],[11.282976,61.16338],[11.283072,61.163382],[11.283259,61.163374],[11.283402,61.16336],[11.283421,61.163355],[11.283519,61.163329],[11.283657,61.163285],[11.283811,61.163248],[11.284164,61.163209],[11.284282,61.163196],[11.284341,61.163189],[11.284404,61.163183],[11.284458,61.163174],[11.284526,61.163158],[11.284605,61.163141],[11.284673,61.163123],[11.28491,61.163046],[11.285007,61.163009],[11.285056,61.162992],[11.285185,61.162939],[11.285315,61.16288],[11.285461,61.162805],[11.285561,61.162757],[11.28561,61.162726],[11.285677,61.162684],[11.28573,61.162646],[11.285816,61.162591],[11.285862,61.162568],[11.285885,61.162556],[11.285959,61.162514],[11.285982,61.162478],[11.28602,61.162421],[11.286084,61.162348],[11.286101,61.16228],[11.286123,61.162216],[11.286165,61.162156],[11.286213,61.162095],[11.286279,61.162015],[11.28638,61.161926],[11.286448,61.16189],[11.286525,61.161864],[11.286649,61.161836],[11.286773,61.161821],[11.286985,61.161798],[11.287187,61.161771],[11.287279,61.161755],[11.287461,61.161713],[11.287632,61.161677],[11.287703,61.161659],[11.287768,61.161637],[11.287812,61.161621],[11.287883,61.161598],[11.287946,61.161584],[11.288082,61.161564],[11.288162,61.16156],[11.28827,61.16156],[11.288362,61.161563],[11.288362,61.161563],[11.288506,61.161559],[11.288596,61.161559],[11.288693,61.161561],[11.28879,61.161563],[11.288882,61.161568],[11.288972,61.161575],[11.289045,61.161576],[11.289095,61.161577],[11.289193,61.161573],[11.289274,61.161575],[11.289344,61.161575],[11.289408,61.161574],[11.28958,61.161561],[11.289796,61.161541],[11.289973,61.161521],[11.290212,61.16149],[11.290321,61.16148],[11.290466,61.161467],[11.290556,61.161454],[11.290652,61.161437],[11.290732,61.161417],[11.290853,61.161388],[11.29093,61.161367],[11.291052,61.16134],[11.291217,61.161308],[11.291298,61.161287],[11.291413,61.161246],[11.291527,61.161203],[11.291625,61.16116],[11.291802,61.16108],[11.291974,61.161002],[11.292155,61.160913],[11.292245,61.160859],[11.292289,61.160834],[11.292378,61.160783],[11.292505,61.160717],[11.292682,61.160636],[11.29274,61.160607],[11.292747,61.160594],[11.292804,61.160546],[11.292857,61.160517],[11.29297,61.160473],[11.292986,61.160464],[11.293097,61.160389],[11.293136,61.160357],[11.293216,61.160284],[11.293287,61.160216],[11.293393,61.160129],[11.293509,61.160066],[11.29363,61.160008],[11.293697,61.159976],[11.293746,61.159941],[11.293789,61.159897],[11.293836,61.15987],[11.293839,61.159841],[11.293824,61.159812],[11.293826,61.159776],[11.293846,61.159742],[11.293864,61.159716],[11.293868,61.159698],[11.29386,61.159675],[11.293833,61.159652],[11.293835,61.159638],[11.293837,61.159597],[11.293878,61.159546],[11.293997,61.159521],[11.294063,61.159513],[11.294161,61.159499],[11.294375,61.159475],[11.294514,61.159455],[11.294603,61.159427],[11.294694,61.159402],[11.294853,61.159358],[11.295028,61.159311],[11.295171,61.159268],[11.295229,61.159245],[11.295245,61.159225],[11.295256,61.159202],[11.295274,61.159175],[11.295334,61.159062],[11.295375,61.159],[11.295471,61.158913],[11.295592,61.15884],[11.295871,61.15872],[11.295981,61.158676],[11.296131,61.158589],[11.296277,61.158501],[11.296426,61.158416],[11.296604,61.158323],[11.296734,61.15826],[11.296824,61.158192],[11.297101,61.157896],[11.297189,61.157714],[11.297246,61.157648],[11.297449,61.157571],[11.297536,61.157547],[11.29779,61.157452],[11.298247,61.157293],[11.29898,61.15706],[11.299282,61.156979],[11.299456,61.156948],[11.299948,61.156847],[11.300681,61.15675],[11.301101,61.156678],[11.301523,61.156516],[11.301802,61.15625],[11.30247,61.155987],[11.302809,61.155862],[11.303575,61.155901],[11.304519,61.156073],[11.305787,61.156134],[11.306627,61.156352],[11.307685,61.156487],[11.308283,61.156715],[11.309213,61.156598],[11.309872,61.156256],[11.310772,61.155922],[11.311519,61.155727],[11.313398,61.155539],[11.317871,61.154226],[11.322049,61.153542],[11.323793,61.153164],[11.325762,61.152963],[11.333267,61.152604],[11.332721,61.153582],[11.332324,61.154998],[11.332713,61.155973],[11.334362,61.156008],[11.337415,61.15593],[11.341804,61.155892],[11.347304,61.156744],[11.352044,61.156415],[11.350852,61.158046],[11.350996,61.161744],[11.35068,61.16276],[11.349833,61.163331],[11.348873,61.16307],[11.346878,61.16438],[11.34777,61.164769],[11.345441,61.166855],[11.342123,61.165839],[11.339039,61.166562],[11.336013,61.165604],[11.338489,61.163729],[11.337212,61.163082],[11.332735,61.165117],[11.332721,61.165635],[11.331906,61.166293],[11.331905,61.166988],[11.334483,61.167184],[11.334693,61.166852],[11.334489,61.166565],[11.335864,61.165707],[11.338391,61.166636],[11.337555,61.168419],[11.336751,61.169216],[11.336498,61.170041],[11.333997,61.17052],[11.331072,61.171564],[11.329969,61.172003],[11.328631,61.172047],[11.327878,61.171825],[11.327025,61.171249],[11.325917,61.169624],[11.324924,61.168943],[11.324859,61.168985],[11.324444,61.169209],[11.323235,61.169721],[11.320989,61.171014],[11.319133,61.172215],[11.318352,61.172629],[11.316887,61.173175],[11.315263,61.173908],[11.314513,61.174197],[11.313359,61.174703],[11.31262,61.175016],[11.311483,61.175504],[11.309357,61.17624],[11.307851,61.177023],[11.307319,61.177248],[11.306561,61.177841],[11.305446,61.178683],[11.305174,61.178863],[11.304229,61.179499],[11.301863,61.180661],[11.299986,61.181125],[11.298731,61.181406],[11.297715,61.181533],[11.295364,61.181891],[11.293568,61.182328],[11.291922,61.182713],[11.289177,61.183548],[11.288767,61.183004],[11.288767,61.182222],[11.287738,61.179571],[11.285478,61.180061],[11.282924,61.180544],[11.281677,61.180738],[11.280767,61.180993],[11.280442,61.181223],[11.279849,61.181579],[11.278739,61.181994],[11.277747,61.182565],[11.2772,61.182657],[11.276481,61.182743],[11.275086,61.18338],[11.274403,61.183616],[11.273733,61.183804],[11.272092,61.184197],[11.270878,61.184398],[11.270393,61.184457],[11.268534,61.185317],[11.265783,61.186122],[11.264959,61.186434],[11.263657,61.187352],[11.262812,61.187838],[11.261826,61.188169],[11.260787,61.18843],[11.259558,61.188553],[11.258883,61.188682],[11.258308,61.188841],[11.257825,61.18892],[11.257339,61.188943],[11.256647,61.188829],[11.256414,61.18877],[11.255665,61.188767],[11.254727,61.188853],[11.254165,61.188973],[11.253262,61.189318],[11.252677,61.189799],[11.252029,61.190069],[11.251014,61.190684],[11.250094,61.191021],[11.249214,61.19124],[11.248912,61.191355],[11.248443,61.191622],[11.247443,61.191985],[11.246685,61.192548],[11.244694,61.193178],[11.242286,61.193666],[11.241539,61.19393],[11.240961,61.194277],[11.240322,61.194917],[11.239697,61.195061],[11.238727,61.195155],[11.237934,61.195459],[11.236624,61.196047],[11.236083,61.196236],[11.234941,61.196436],[11.234463,61.196578],[11.233852,61.196926],[11.233105,61.197189],[11.232434,61.197373],[11.231926,61.197555],[11.231451,61.197987],[11.230717,61.198427],[11.229841,61.198709],[11.22879,61.199057],[11.228553,61.199391],[11.22874,61.200189],[11.228267,61.200873],[11.227608,61.20123],[11.225656,61.202185]]]}}]}